Workbook

Sheet Duración VALMER
A1: Fecha | B1: SB12AGO26 | C1: SB12AGO37 | D1: SB12AGO31 | E1: SB12FEB42 | F1: SB12FEB55 | G1: SB12AGO28 | H1: SB12AGO32 | I1: SB12FEB29 | J1: SB12AGO34 | K1: SB12AGO40 | L1: SB12AGO33 | M1: SB12AGO39 | N1: SB12AGO35
A2: 45747 | B2: 1.271545 | C2: 7.87006 | D2: 4.969056 | E2: 9.514059 | F2: 12.002098 | G2: 2.983172 | H2: 5.646549 | I2: 3.336802 | J2: 6.85791 | K2: 9.413615 | L2: 6.02346 | M2: 8.414499
A3: 45748 | B3: 1.268882 | C3: 7.867468 | D3: 4.966426 | E3: 9.51147 | F3: 11.9995 | G3: 2.980511 | H3: 5.64393 | I3: 3.334148 | J3: 6.855308 | K3: 9.411023 | L3: 6.02085 | M3: 8.411908
A4: 45749 | B4: 1.266469 | C4: 7.874356 | D4: 4.968514 | E4: 9.525512 | F4: 12.035261 | G4: 2.979204 | H4: 5.646185 | I4: 3.332277 | J4: 6.857011 | K4: 9.422448 | L4: 6.024319 | M4: 8.421542
A5: 45750 | B5: 1.264181 | C5: 7.893111 | D5: 4.973751 | E5: 9.55623 | F5: 12.109699 | G5: 2.978233 | H5: 5.65429 | I5: 3.331189 | J5: 6.870208 | K5: 9.444388 | L5: 6.031438 | M5: 8.440361
A6: 45751 | B6: 1.25656 | C6: 7.913805 | D6: 4.972146 | E6: 9.581796 | F6: 12.374855 | G6: 2.971256 | H6: 5.656177 | I6: 3.32557 | J6: 6.881066 | K6: 9.461158 | L6: 6.041855 | M6: 8.457068
A7: 45754 | B7: 1.254145 | C7: 7.892213 | D7: 4.965578 | E7: 9.537522 | F7: 12.27418 | G7: 2.969266 | H7: 5.648675 | I7: 3.323696 | J7: 6.869834 | K7: 9.423503 | L7: 6.033153 | M7: 8.423868
A8: 45755 | B8: 1.25123 | C8: 7.865896 | D8: 4.959013 | E8: 9.497486 | F8: 12.183884 | G8: 2.965926 | H8: 5.640204 | I8: 3.320257 | J8: 6.849996 | K8: 9.389382 | L8: 6.019592 | M8: 8.393774
A9: 45756 | B9: 1.248812 | C9: 7.834872 | D9: 4.957952 | E9: 9.449216 | F9: 12.074826 | G9: 2.963262 | H9: 5.636608 | I9: 3.317991 | J9: 6.837346 | K9: 9.348299 | L9: 6.007258 | M9: 8.357619
A10: 45757 | B10: 1.246394 | C10: 7.867814 | D10: 4.960819 | E10: 9.533904 | F10: 12.178685 | G10: 2.961945 | H10: 5.643727 | I10: 3.317677 | J10: 6.844783 | K10: 9.412219 | L10: 6.016796 | M10: 8.406918
A11: 45758 | B11: 1.237902 | C11: 7.8316 | D11: 4.948991 | E11: 9.48037 | F11: 12.064448 | G11: 2.952603 | H11: 5.630986 | I11: 3.308142 | J11: 6.821198 | K11: 9.365932 | L11: 5.994389 | M11: 8.36861
A12: 45761 | B12: 1.235114 | C12: 7.852688 | D12: 4.946357 | E12: 9.519365 | F12: 12.158587 | G12: 2.949603 | H12: 5.630309 | I12: 3.305095 | J12: 6.834361 | K12: 9.398345 | L12: 6.000271 | M12: 8.396548
A13: 45762 | B13: 1.232449 | C13: 7.850093 | D13: 4.943724 | E13: 9.51677 | F13: 12.155986 | G13: 2.946939 | H13: 5.627686 | I13: 3.302438 | J13: 6.831755 | K13: 9.395752 | L13: 5.99766 | M13: 8.393955
... A65: 45839 | B65: 1.035182 | C65: 7.962219 | D65: 4.882706 | E65: 9.627469 | F65: 12.461631 | G65: 2.765615 | H65: 5.671096 | I65: 3.172362 | J65: 6.887571 | K65: 9.584169 | L65: 6.016914 | M65: 8.539011
A66: 45840 | B66: 1.032584 | C66: 7.962534 | D66: 4.880134 | E66: 9.630109 | F66: 12.445287 | G66: 2.763439 | H66: 5.669709 | I66: 3.170113 | J66: 6.888756 | K66: 9.580256 | L66: 6.015509 | M66: 8.536086 | N66: 7.327964
A67: 45841 | B67: 1.029784 | C67: 7.958743 | D67: 4.878955 | E67: 9.62664 | F67: 12.441814 | G67: 2.760706 | H67: 5.668324 | I67: 3.169559 | J67: 6.888058 | K67: 9.577194 | L67: 6.013894 | M67: 8.531305 | N67: 7.327964
A68: 45842 | B68: 1.02178 | C68: 7.951084 | D68: 4.871182 | E68: 9.618691 | F68: 12.434221 | G68: 2.752683 | H68: 5.66023 | I68: 3.161679 | J68: 6.880266 | K68: 9.569476 | L68: 6.006185 | M68: 8.523704 | N68: 7.32636
A69: 45845 | B69: 1.0204563 | C69: 7.9489468 | D69: 4.8725795 | E69: 9.6106472 | F69: 12.41197 | G69: 2.7510578 | H69: 5.660876 | I69: 3.1607765 | J69: 6.878777 | K69: 9.5678338 | L69: 6.0059633 | M69: 8.5221055 | N69: 7.3168537
A70: 45846 | B70: 1.0165305 | C70: 7.9448755 | D70: 4.87068 | E70: 9.6003635 | F70: 12.387659 | G70: 2.7467875 | H70: 5.6581675 | I70: 3.156211 | J70: 6.873741 | K70: 9.5638635 | L70: 6.0026945 | M70: 8.519097 | N70: 7.3112986
A71: 45847 | B71: 1.0111285 | C71: 7.9391505 | D71: 4.866204 | E71: 9.5946545 | F71: 12.382127 | G71: 2.7414095 | H71: 5.653428 | I71: 3.151994 | J71: 6.869496 | K71: 9.5584735 | L71: 5.9980325 | M71: 8.512906 | N71: 7.3057435
A72: 45848 | B72: 1.0085038 | C72: 7.9360463 | D72: 4.865953 | E72: 9.5854907 | F72: 12.358846 | G72: 2.7384617 | H72: 5.6523968 | I72: 3.14926 | J72: 6.8662335 | K72: 9.5556672 | L72: 5.9962872 | M72: 8.5106025 | N72: 7.3057435
A73: 45849 | B73: 1.0044904 | C73: 7.9316316 | D73: 4.8635895 | E73: 9.5780544 | F73: 12.344439 | G73: 2.7342989 | H73: 5.6495114 | I73: 3.1457845 | J73: 6.8624798 | K73: 9.5515691 | L73: 5.9930836 | M73: 8.5063552 | N73: 7.3057435
A74: 45852 | B74: 1.000477 | C74: 7.927217 | D74: 4.861226 | E74: 9.570618 | F74: 12.330032 | G74: 2.730136 | H74: 5.646626 | I74: 3.142309 | J74: 6.858726 | K74: 9.547471 | L74: 5.98988 | M74: 8.502108 | N74: 7.285127
A75: 45853 | B75: 0.997828 | C75: 7.918499 | D75: 4.858132 | E75: 9.570132 | F75: 12.333179 | G75: 2.730904 | H75: 5.642539 | I75: 3.139921 | J75: 6.853975 | K75: 9.538137 | L75: 5.986984 | M75: 8.49443 | N75: 7.276419
A76: 45854 | B76: 0.995114 | C76: 7.908691 | D76: 4.856424 | E76: 9.562787 | F76: 12.32839 | G76: 2.728069 | H76: 5.640549 | I76: 3.136918 | J76: 6.852092 | K76: 9.530976 | L76: 5.983276 | M76: 8.487614 | N76: 7.267956
A77: 45855 | B77: 0.992383 | C77: 7.89654 | D77: 4.853228 | E77: 9.557067 | F77: 12.322631 | G77: 2.725353 | H77: 5.636393 | I77: 3.134137 | J77: 6.846442 | K77: 9.518811 | L77: 5.978933 | M77: 8.475656 | N77: 7.262173
... A173: 45994 | B173: 0.655289 | C173: 7.907666 | D173: 4.647359 | E173: 9.67648 | F173: 12.813018 | G173: 2.426388 | H173: 5.467497 | I173: 2.847964 | J173: 6.732964 | K173: 9.597477 | L173: 5.864681 | M173: 8.53121 | N173: 6.981985
A174: 45995 | C174: 7.907545 | D174: 4.644725 | E174: 9.673986 | F174: 12.820222 | G174: 2.423665 | H174: 5.464871 | I174: 2.845312 | J174: 6.732301 | K174: 9.598217 | L174: 5.86433 | M174: 8.529997 | N174: 6.980939
A175: 45996 | B175: 0.644477 | C175: 7.902779 | D175: 4.637848 | E175: 9.673984 | F175: 12.814722 | G175: 2.415591 | H175: 5.458541 | I175: 2.837425 | J175: 6.726348 | K175: 9.596303 | L175: 5.858027 | M175: 8.526576 | N175: 6.97804
A176: 46001 | B176: 0.639203 | C176: 7.902147 | D176: 4.633198 | E176: 9.680203 | F176: 12.833805 | G176: 2.410314 | H176: 5.454437 | I176: 2.832874 | J176: 6.72573 | K176: 9.600799 | L176: 5.856039 | M176: 8.531738 | N176: 6.9774
A177: 46002 | B177: 0.625508 | C177: 7.890241 | D177: 4.620275 | E177: 9.670118 | F177: 12.824686 | G177: 2.396798 | H177: 5.441892 | I177: 2.819975 | J177: 6.712056 | K177: 9.593123 | L177: 5.843582 | M177: 8.529614 | N177: 6.960607
A178: 46003 | B178: 0.625508 | C178: 7.890241 | D178: 4.620275 | E178: 9.670118 | F178: 12.824686 | G178: 2.396798 | H178: 5.441892 | I178: 2.819975 | J178: 6.712056 | K178: 9.593123 | L178: 5.843582 | M178: 8.529614 | N178: 6.960607
A179: 46006 | B179: 0.623159 | C179: 7.889333 | D179: 4.618848 | E179: 9.676041 | F179: 12.858769 | G179: 2.39531 | H179: 5.440466 | I179: 2.817615 | J179: 6.712545 | K179: 9.588959 | L179: 5.84703 | M179: 8.529807 | N179: 6.964519
A180: 46007 | B180: 0.620456 | C180: 7.88509 | D180: 4.61662 | E180: 9.676093 | F180: 12.862162 | G180: 2.392892 | H180: 5.438632 | I180: 2.815086 | J180: 6.714651 | K180: 9.584045 | L180: 5.845202 | M180: 8.525768 | N180: 6.966411
A181: 46008 | C181: 7.885337 | D181: 4.614816 | E181: 9.677242 | F181: 12.859433 | G181: 2.39003 | H181: 5.43719 | I181: 2.812192 | J181: 6.71554 | K181: 9.5855 | L181: 5.850745 | M181: 8.526095 | N181: 6.966627
A182: 46009 | B182: 0.614949 | C182: 7.881284 | D182: 4.612176 | E182: 9.676873 | F182: 12.866965 | G182: 2.386487 | H182: 5.434154 | I182: 2.809235 | J182: 6.711988 | K182: 9.583258 | L182: 5.847763 | M182: 8.521167 | N182: 6.960771
A183: 46010 | B183: 0.614949 | C183: 7.881284 | D183: 4.612176 | E183: 9.676873 | F183: 12.866965 | G183: 2.386487 | H183: 5.434154 | I183: 2.809235 | J183: 6.711988 | K183: 9.583258 | L183: 5.847763 | M183: 8.521167 | N183: 6.960771
A184: 46013 | B184: 0.604184 | C184: 7.859731 | D184: 4.600053 | E184: 9.650463 | F184: 12.820707 | G184: 2.375052 | H184: 5.418653 | I184: 2.798598 | J184: 6.70351 | K184: 9.556249 | L184: 5.82573 | M184: 8.499706 | N184: 6.931158
A185: 46014 | B185: 0.601395 | C185: 7.841844 | D185: 4.595693 | E185: 9.62665 | F185: 12.784432 | G185: 2.372603 | H185: 5.41154 | I185: 2.795782 | J185: 6.695291 | K185: 9.530219 | L185: 5.818914 | M185: 8.473008 | N185: 6.930412
A186: 46015 | B186: 0.596217 | C186: 7.835577 | D186: 4.592068 | E186: 9.6319 | F186: 12.81366 | G186: 2.366974 | H186: 5.40907 | I186: 2.790664 | J186: 6.687042 | K186: 9.519327 | L186: 5.816147 | M186: 8.476464 | N186: 6.931605
A187: 46017 | B187: 0.588227 | C187: 7.829057 | D187: 4.584419 | E187: 9.626429 | F187: 12.805864 | G187: 2.358951 | H187: 5.400035 | I187: 2.782751 | J187: 6.677593 | K187: 9.511683 | L187: 5.808333 | M187: 8.46679 | N187: 6.922228
A188: 46020 | B188: 0.585518 | C188: 7.82695 | D188: 4.582583 | E188: 9.620043 | F188: 12.789952 | G188: 2.356223 | H188: 5.399679 | I188: 2.78004 | J188: 6.674534 | K188: 9.507352 | L188: 5.808081 | M188: 8.463898 | N188: 6.911814
A189: 46021 | B189: 0.582797 | C189: 7.827874 | D189: 4.582858 | E189: 9.61611 | F189: 12.785554 | G189: 2.353473 | H189: 5.397176 | I189: 2.780074 | J189: 6.676495 | K189: 9.507548 | L189: 5.808348 | M189: 8.465565 | N189: 6.917793
A190: 46022 | C190: 7.814886 | D190: 4.575161 | E190: 9.61956 | F190: 12.823191 | G190: 2.348164 | H190: 5.392018 | I190: 2.772378 | J190: 6.667388 | K190: 9.494237 | L190: 5.800193 | M190: 8.451204 | N190: 6.917474
A191: 46024 | B191: 0.569442 | C191: 7.807647 | D191: 4.567983 | E191: 9.611958 | F191: 12.808529 | G191: 2.340179 | H191: 5.385516 | I191: 2.764739 | J191: 6.659851 | K191: 9.485357 | L191: 5.791717 | M191: 8.431498 | N191: 6.909463
A192: 46027 | C192: 7.802593 | D192: 4.565866 | E192: 9.627144 | F192: 12.835695 | G192: 2.337566 | H192: 5.382934 | I192: 2.762263 | J192: 6.658095 | K192: 9.483601 | L192: 5.788498 | M192: 8.423437 | N192: 6.903221
A193: 46028 | B193: 0.564096 | C193: 7.800049 | D193: 4.563428 | E193: 9.63351 | F193: 12.851729 | G193: 2.334879 | H193: 5.380327 | I193: 2.759752 | J193: 6.654407 | K193: 9.480128 | L193: 5.785914 | M193: 8.421195 | N193: 6.894529
A194: 46029 | B194: 0.561412 | C194: 7.801247 | D194: 4.560855 | E194: 9.628629 | F194: 12.834698 | G194: 2.332221 | H194: 5.377197 | I194: 2.757356 | J194: 6.654237 | K194: 9.470741 | L194: 5.782029 | M194: 8.423457 | N194: 6.891315
A195: 46030 | B195: 0.558651 | C195: 7.794695 | D195: 4.558141 | E195: 9.596425 | F195: 12.798556 | G195: 2.329499 | H195: 5.374485 | I195: 2.754941 | J195: 6.649476 | K195: 9.46194 | L195: 5.778449 | M195: 8.413769 | N195: 6.88509
A196: 46031 | C196: 7.787293 | D196: 4.55034 | E196: 9.584975 | F196: 12.778515 | G196: 2.321496 | H196: 5.367123 | I196: 2.74685 | J196: 6.641774 | K196: 9.44979 | L196: 5.770423 | M196: 8.404997 | N196: 6.872172
A197: 46034 | B197: 0.547993 | C197: 7.779971 | D197: 4.547461 | E197: 9.589668 | F197: 12.7974 | G197: 2.318701 | H197: 5.363628 | I197: 2.744313 | J197: 6.637441 | K197: 9.438287 | L197: 5.767187 | M197: 8.395509 | N197: 6.866731
A198: 46035 | B198: 0.545309 | C198: 7.775298 | D198: 4.54419 | E198: 9.586859 | F198: 12.798364 | G198: 2.315983 | H198: 5.359876 | I198: 2.741688 | J198: 6.634192 | K198: 9.432396 | L198: 5.764224 | M198: 8.390177 | N198: 6.866876
A199: 46036 | B199: 0.542564 | C199: 7.771295 | D199: 4.541676 | E199: 9.581624 | F199: 12.786756 | G199: 2.313281 | H199: 5.357006 | I199: 2.739057 | J199: 6.630092 | K199: 9.428751 | L199: 5.760543 | M199: 8.385252 | N199: 6.862947
A200: 46037 | B200: 0.542564 | C200: 7.772082 | D200: 4.538581 | E200: 9.578204 | F200: 12.757891 | G200: 2.31057 | H200: 5.352703 | I200: 2.736432 | J200: 6.621995 | K200: 9.43089 | L200: 5.753704 | M200: 8.385536 | N200: 6.856599
A201: 46038 | B201: 0.531798 | C201: 7.765775 | D201: 4.530382 | E201: 9.569361 | F201: 12.759621 | G201: 2.302494 | H201: 5.344066 | I201: 2.728478 | J201: 6.61296 | K201: 9.426255 | L201: 5.745414 | M201: 8.381742 | N201: 6.846446
A202: 46041 | B202: 0.529265 | C202: 7.763249 | D202: 4.527899 | E202: 9.566722 | F202: 12.757073 | G202: 2.299899 | H202: 5.34144 | I202: 2.725917 | J202: 6.610334 | K202: 9.423534 | L202: 5.742961 | M202: 8.37927 | N202: 6.843803
A203: 46042 | B203: 0.526496 | C203: 7.758483 | D203: 4.524957 | E203: 9.563754 | F203: 12.720322 | G203: 2.297259 | H203: 5.337379 | I203: 2.723281 | J203: 6.60439 | K203: 9.419901 | L203: 5.737635 | M203: 8.3747 | N203: 6.84454
A204: 46043 | B204: 0.52382 | C204: 7.753942 | D204: 4.522583 | E204: 9.56007 | F204: 12.746217 | G204: 2.294627 | H204: 5.33531 | I204: 2.72065 | J204: 6.602793 | K204: 9.413646 | L204: 5.736979 | M204: 8.367677 | N204: 6.84977
A205: 46044 | B205: 0.521014 | C205: 7.752318 | D205: 4.520475 | E205: 9.557378 | F205: 12.759225 | G205: 2.292033 | H205: 5.333487 | I205: 2.718048 | J205: 6.606192 | K205: 9.416244 | L205: 5.740718 | M205: 8.371752 | N205: 6.846067
A206: 46045 | C206: 7.746831 | D206: 4.514741 | E206: 9.584102 | F206: 12.836527 | G206: 2.284317 | H206: 5.325972 | I206: 2.710309 | J206: 6.6017 | K206: 9.415684 | L206: 5.735859 | M206: 8.367392 | N206: 6.837864
A207: 46048 | C207: 7.743761 | D207: 4.512739 | E207: 9.580668 | F207: 12.830417 | G207: 2.281804 | H207: 5.323952 | I207: 2.70781 | J207: 6.599814 | K207: 9.414114 | L207: 5.733428 | M207: 8.366224 | N207: 6.836645
A208: 46049 | C208: 7.743468 | D208: 4.511902 | E208: 9.576799 | F208: 12.838968 | G208: 2.279605 | H208: 5.323823 | I208: 2.705704 | J208: 6.600258 | K208: 9.418667 | L208: 5.733281 | M208: 8.369137 | N208: 6.837023
A209: 46050 | B209: 0.50494 | C209: 7.744953 | D209: 4.511237 | E209: 9.575855 | F209: 12.835632 | G209: 2.277047 | H209: 5.323926 | I209: 2.703188 | J209: 6.599057 | K209: 9.425261 | L209: 5.731939 | M209: 8.369137 | N209: 6.838882
A210: 46051 | B210: 0.502224 | C210: 7.74441 | D210: 4.510327 | E210: 9.576839 | F210: 12.836334 | G210: 2.274938 | H210: 5.323477 | I210: 2.701206 | J210: 6.600644 | K210: 9.429426 | L210: 5.733155 | M210: 8.370135 | N210: 6.844295
A211: 46052 | B211: 0.49148 | C211: 7.737274 | D211: 4.501842 | E211: 9.570458 | F211: 12.846929 | G211: 2.264358 | H211: 5.316344 | I211: 2.691003 | J211: 6.592455 | K211: 9.424076 | L211: 5.724897 | M211: 8.364678 | N211: 6.83175
A212: 46055 | B212: 0.49148 | C212: 7.737274 | D212: 4.501842 | E212: 9.570458 | F212: 12.846929 | G212: 2.264358 | H212: 5.316344 | I212: 2.691003 | J212: 6.592455 | K212: 9.424076 | L212: 5.724897 | M212: 8.364678 | N212: 6.83175
A213: 46056 | B213: 0 | C213: 7.745016 | D213: 4.502598 | E213: 9.58998 | F213: 12.858121 | G213: 2.25 | H213: 5.316266 | I213: 2.688865 | J213: 6.593162 | K213: 9.430981 | L213: 5.725277 | M213: 8.365235 | N213: 6.826125
A214: 46057 | B214: 0 | C214: 7.742135 | D214: 4.499617 | E214: 9.584661 | F214: 12.851457 | G214: 2.25 | H214: 5.31311 | I214: 2.686196 | J214: 6.590271 | K214: 9.427708 | L214: 5.722233 | M214: 8.361992 | N214: 6.822132
A215: 46058 | B215: 0.483413 | C215: 7.741707 | D215: 4.497273 | E215: 9.588948 | F215: 12.855149 | G215: 2.25673 | H215: 5.308604 | I215: 2.684019 | J215: 6.588419 | K215: 9.426406 | L215: 5.719158 | M215: 8.36523 | N215: 6.823606
A216: 46059 | B216: 0.475383 | C216: 7.734522 | D216: 4.489098 | E216: 9.574706 | F216: 12.848198 | G216: 2.248686 | H216: 5.299856 | I216: 2.675991 | J216: 6.580474 | K216: 9.421119 | L216: 5.710443 | M216: 8.357294 | N216: 6.81629
A217: 46062 | B217: 0.475383 | C217: 7.734522 | D217: 4.489098 | E217: 9.574706 | F217: 12.848198 | G217: 2.24 | H217: 5.299856 | I217: 2.675991 | J217: 6.580474 | K217: 9.421119 | L217: 5.710443 | M217: 8.357294 | N217: 6.81629
A218: 46063 | B218: 0.47 | C218: 7.726339 | D218: 4.484676 | E218: 9.571865 | F218: 12.838959 | G218: 2.24 | H218: 5.295933 | I218: 2.670863 | J218: 6.573399 | K218: 9.412354 | L218: 5.703784 | M218: 8.353004 | N218: 6.807501
A219: 46064 | B219: 0.47 | C219: 7.726339 | D219: 4.484676 | E219: 9.571865 | F219: 12.838959 | G219: 2.24 | H219: 5.295933 | I219: 2.670863 | J219: 6.573399 | K219: 9.412354 | L219: 5.703784 | M219: 8.353004 | N219: 6.807501
A220: 46065 | B220: 0.47 | C220: 7.961524 | D220: 4.609345 | E220: 9.863644 | F220: 13.221418 | H220: 5.434982 | I220: 2.732678 | J220: 6.733969 | K220: 9.672334 | L220: 5.872052 | M220: 8.621504 | N220: 7.089458
A221: 46066 | B221: 0.47 | C221: 7.961524 | D221: 4.609345 | E221: 9.863644 | F221: 13.221418 | H221: 5.434982 | I221: 2.732678 | J221: 6.733969 | K221: 9.672334 | L221: 5.872052 | M221: 8.621504 | N221: 7.089458
A222: 46069 | B222: 0.472872 | C222: 7.959032 | D222: 4.606868 | E222: 9.861099 | F222: 13.218979 | G222: 2.294918 | H222: 5.432369 | I222: 2.730119 | J222: 6.731366 | K222: 9.66967 | L222: 5.869611 | M222: 8.619079 | N222: 7.086855
A223: 46070 | B223: 0.469989 | C223: 7.956883 | D223: 4.604226 | E223: 9.860196 | F223: 13.219265 | G223: 2.29222 | H223: 5.429887 | I223: 2.727679 | J223: 6.730164 | K223: 9.669431 | L223: 5.868034 | M223: 8.618125 | N223: 7.088305
A224: 46071 | B224: 0.467341 | C224: 7.952609 | D224: 4.601439 | E224: 9.844914 | F224: 13.188341 | G224: 2.289374 | H224: 5.426216 | I224: 2.725314 | J224: 6.729419 | K224: 9.659253 | L224: 5.867991 | M224: 8.614004 | N224: 7.085688
A225: 46072 | B225: 0.464625 | C225: 7.950799 | D225: 4.598911 | E225: 9.847217 | F225: 13.194025 | G225: 2.28681 | H225: 5.423826 | I225: 2.722747 | J225: 6.726135 | K225: 9.657713 | L225: 5.865716 | M225: 8.612228 | N225: 7.07917
A226: 46073 | B226: 0.464625 | C226: 7.940584 | D226: 4.590043 | E226: 9.837805 | F226: 13.185587 | G226: 2.28681 | H226: 5.414676 | I226: 2.714632 | J226: 6.718362 | K226: 9.643183 | L226: 5.858098 | M226: 8.601949 | N226: 7.069309
A227: 46076 | B227: 0.453966 | C227: 7.938973 | D227: 4.586955 | E227: 9.830757 | F227: 13.179155 | G227: 2.276202 | H227: 5.410863 | I227: 2.712062 | J227: 6.715453 | K227: 9.638074 | L227: 5.854656 | M227: 8.59644 | N227: 7.068236
A228: 46077 | B228: 0.451298 | C228: 7.937666 | D228: 4.584048 | E228: 9.827221 | F228: 13.174381 | G228: 2.273497 | H228: 5.407802 | I228: 2.709434 | J228: 6.712226 | K228: 9.634235 | L228: 5.851463 | M228: 8.593398 | N228: 7.065901
A229: 46078 | C229: 7.934757 | D229: 4.581138 | E229: 9.821483 | F229: 13.162677 | H229: 5.404574 | I229: 2.706752 | J229: 6.709453 | K229: 9.632 | L229: 5.848906 | M229: 8.590695 | N229: 7.06102
A230: 46079 | B230: 0.445808 | C230: 7.931369 | D230: 4.578185 | E230: 9.816176 | F230: 13.149859 | G230: 2.267801 | H230: 5.401566 | I230: 2.70395 | J230: 6.705759 | K230: 9.629637 | L230: 5.845339 | M230: 8.588571 | N230: 7.05403
A231: 46080 | B231: 0.437751 | C231: 7.909857 | D231: 4.56259 | E231: 9.784784 | F231: 13.07388 | G231: 2.25974 | H231: 5.393353 | I231: 2.687822 | J231: 6.68811 | K231: 9.601522 | L231: 5.826073 | M231: 8.556 | N231: 7.045231
A232: 46083 | B232: 0.435078 | C232: 7.894302 | D232: 4.558704 | E232: 9.777059 | F232: 13.062392 | G232: 2.25675 | H232: 5.388916 | I232: 2.684687 | J232: 6.680997 | K232: 9.581299 | L232: 5.819753 | M232: 8.548844 | N232: 7.037257
A233: 46084 | B233: 0.435078 | C233: 7.888543 | D233: 4.554975 | E233: 9.771265 | F233: 13.051023 | G233: 2.25675 | H233: 5.385492 | I233: 2.681914 | J233: 6.676549 | K233: 9.572937 | L233: 5.815597 | M233: 8.540326 | N233: 7.025332
A234: 46085 | B234: 0.429659 | C234: 7.871119 | D234: 4.548812 | E234: 9.773584 | F234: 13.074365 | G234: 2.251253 | H234: 5.379795 | I234: 2.679199 | J234: 6.668081 | K234: 9.551205 | L234: 5.809245 | M234: 8.529606 | N234: 7.018612
A235: 46086 | B235: 0.429659 | C235: 7.864909 | D235: 4.545206 | E235: 9.769051 | F235: 13.072116 | G235: 2.251253 | H235: 5.375511 | I235: 2.676318 | J235: 6.663874 | K235: 9.543068 | L235: 5.804973 | M235: 8.522135 | N235: 7.007667
A236: 46087 | C236: 7.847866 | D236: 4.533881 | E236: 9.744645 | F236: 13.03411 | G236: 2.251253 | H236: 5.364019 | I236: 2.667878 | J236: 6.650821 | K236: 9.523764 | L236: 5.79068 | M236: 8.51201 | N236: 6.990901
A237: 46090 | C237: 7.843335 | D237: 4.53069 | E237: 9.737922 | F237: 12.931993 | G237: 2.251253 | H237: 5.360078 | I237: 2.66518 | J237: 6.647283 | K237: 9.521014 | L237: 5.787118 | M237: 8.509025 | N237: 6.98719
A238: 46091 | C238: 7.841525 | D238: 4.527663 | E238: 9.731465 | F238: 12.971505 | G238: 2.251253 | H238: 5.357359 | I238: 2.662551 | J238: 6.643545 | K238: 9.523021 | L238: 5.782549 | M238: 8.506991 | N238: 6.987304
A239: 46092 | C239: 7.838175 | D239: 4.523143 | E239: 9.716806 | F239: 12.931053 | G239: 2.251253 | H239: 5.352523 | I239: 2.65979 | J239: 6.640598 | K239: 9.519836 | L239: 5.778762 | M239: 8.514234 | N239: 6.987516
A240: 46093 | B240: 0.408093 | C240: 7.830128 | D240: 4.518826 | E240: 9.713804 | F240: 12.913548 | G240: 2.229536 | H240: 5.348416 | I240: 2.657147 | J240: 6.635509 | K240: 9.50399 | L240: 5.774424 | M240: 8.507609 | N240: 6.981652
A241: 46094 | B241: 0.397376 | C241: 7.818162 | D241: 4.507305 | E241: 9.697193 | F241: 12.89648 | G241: 2.218681 | H241: 5.336382 | I241: 2.646497 | J241: 6.622441 | K241: 9.490375 | L241: 5.761938 | M241: 8.49391 | N241: 6.966905
A242: 46097 | B242: 0.397376 | C242: 7.818162 | D242: 4.507305 | E242: 9.697193 | F242: 12.89648 | G242: 2.218681 | H242: 5.336382 | I242: 2.646497 | J242: 6.622441 | K242: 9.490375 | L242: 5.761938 | M242: 8.49391 | N242: 6.966905
A243: 46098 | B243: 0.394621 | C243: 7.804194 | D243: 4.503034 | E243: 9.687117 | F243: 12.881633 | G243: 2.215938 | H243: 5.331971 | I243: 2.64294 | J243: 6.614735 | K243: 9.477359 | L243: 5.755415 | M243: 8.482284 | N243: 6.957848
A244: 46099 | C244: 7.789254 | D244: 4.498121 | E244: 9.669567 | F244: 12.831168 | H244: 5.326704 | I244: 2.639939 | J244: 6.604546 | K244: 9.458585 | L244: 5.74798 | M244: 8.462963 | N244: 6.954534
A245: 46100 | C245: 7.780918 | D245: 4.494877 | E245: 9.658683 | F245: 12.836087 | H245: 5.322543 | I245: 2.637284 | J245: 6.599925 | K245: 9.449043 | L245: 5.744125 | M245: 8.457431 | N245: 6.944121
A246: 46101 | C246: 7.773392 | D246: 4.484273 | E246: 9.601774 | F246: 12.776466 | H246: 5.311871 | I246: 2.626603 | J246: 6.589685 | K246: 9.443638 | L246: 5.73621 | M246: 8.423855 | N246: 6.931854
...

Sheet YTM VALMER
A1: Fecha | B1: SB12AGO26 | C1: SB12AGO37 | D1: SB12AGO31 | E1: SB12FEB42 | F1: SB12FEB55 | G1: SB12AGO28 | H1: SB12AGO32 | I1: SB12FEB29 | J1: SB12AGO34 | K1: SB12AGO40 | L1: SB12AGO33 | M1: SB12AGO39 | N1: SB12AGO35
A2: 45747
A3: 45748 | B3: 4.1734615 | C3: 7.0717188 | D3: 5.6189048 | E3: 7.1611951 | F3: 6.9590737 | G3: 4.3 | H3: 6.0451638 | I3: 4.67 | J3: 6.6880323 | K3: 7.2224451 | L3: 6.409697 | M3: 7.2180986
A4: 45749 | B4: 4.1734615 | C4: 7.02425 | D4: 5.5714516 | E4: 7.1058929 | F4: 6.9037715 | G4: 4.3 | H4: 6.0045946 | I4: 4.63 | J4: 6.6498174 | K4: 7.1671429 | L4: 6.375303 | M4: 7.1846134
A5: 45750 | B5: 4.0974615 | C5: 6.85 | D5: 5.4370778 | E5: 6.99 | F5: 6.6 | G5: 4.224 | H5: 5.8512096 | I5: 4.56 | J5: 6.4722678 | K5: 7.0635929 | L5: 6.1999 | M5: 7.0647039
A6: 45751 | B6: 4.0734615 | C6: 6.8013247 | D6: 5.4147541 | E6: 6.995 | F6: 6.605 | G6: 4.2 | H6: 5.7913953 | I6: 4.51 | J6: 6.3929938 | K6: 7.0371429 | L6: 6.1469704 | M6: 7.0236052
A7: 45754 | B7: 4.0634615 | C7: 6.9451707 | D7: 5.4446481 | E7: 7.1065226 | F7: 6.55 | G7: 4.19 | H7: 5.8693311 | I7: 4.51 | J7: 6.5295175 | K7: 7.1486654 | L7: 6.2228571 | M7: 7.16
A8: 45755 | B8: 4.0384615 | C8: 7.005102 | D8: 5.4454687 | E8: 7.2 | F8: 6.6434774 | G8: 4.165 | H8: 5.8701818 | I8: 4.5 | J8: 6.571874 | K8: 7.225 | L8: 6.3211402 | M8: 7.213617
A9: 45756 | B9: 4.0584615 | C9: 7.0890909 | D9: 5.465 | E9: 7.1 | F9: 6.5434774 | G9: 4.185 | H9: 5.9144444 | I9: 4.44 | J9: 6.6743478 | K9: 7.126999 | L9: 6.3433333 | M9: 7.2324165
A10: 45757 | B10: 4.0784615 | C10: 7.02 | D10: 5.45 | E10: 7.1 | F10: 6.5434774 | G10: 4.205 | H10: 5.87 | I10: 4.48 | J10: 6.6364583 | K10: 7.2 | L10: 6.32 | M10: 7.1979167
A11: 45758 | B11: 4.0834615 | C11: 7.0638636 | D11: 5.4898177 | E11: 7.1 | F11: 6.5434774 | G11: 4.21 | H11: 5.8989706 | I11: 4.485 | J11: 6.6543633 | K11: 7.185 | L11: 6.3656 | M11: 7.199829
A12: 45761 | B12: 4.0634615 | C12: 6.9595866 | D12: 5.456761 | E12: 7.085 | F12: 6.5284774 | G12: 4.19 | H12: 5.8763087 | I12: 4.492 | J12: 6.612062 | K12: 7.17 | L12: 6.3131767 | M12: 7.1623968
A13: 45762 | B13: 4.0734615 | C13: 7.0053067 | D13: 5.48 | E13: 7.091 | F13: 6.5344774 | G13: 4.2 | H13: 5.8517526 | I13: 4.53 | J13: 6.6268534 | K13: 7.176 | L13: 6.305 | M13: 7.1882222
A14: 45763 | B14: 4.0877473 | C14: 7.025 | D14: 5.49 | E14: 7.11 | F14: 6.5534774 | G14: 4.2142857 | H14: 5.88 | I14: 4.5533333 | J14: 6.6364912 | K14: 7.2166667 | L14: 6.3116 | M14: 7.2163348
... A64: 45838 | B64: 4.04 | C64: 6.68 | D64: 5.27 | E64: 6.75 | F64: 6.8 | G64: 3.95 | H64: 5.57 | I64: 4.45 | J64: 6.2 | K64: 6.9 | L64: 5.88 | M64: 6.89
A65: 45839 | B65: 3.99 | C65: 6.665625 | D65: 5.2330997 | E65: 6.765 | F65: 6.775 | G65: 3.9 | H65: 5.5420395 | I65: 4.32 | J65: 6.16 | K65: 6.88 | L65: 5.8583333 | M65: 6.8867304 | N65: 6.402951
A66: 45840 | B66: 3.99 | C66: 6.6874766 | D66: 5.1683333 | E66: 6.805 | F66: 6.775 | G66: 3.9 | H66: 5.4862826 | I66: 4.26 | J66: 6.1177433 | K66: 6.89 | L66: 5.8086667 | M66: 6.8845918 | N66: 6.3825601
A67: 45841 | B67: 4.08 | C67: 6.7072851 | D67: 5.1166667 | E67: 6.8 | F67: 6.8 | G67: 3.99 | H67: 5.4666414 | I67: 4.27 | J67: 6.135 | K67: 6.925 | L67: 5.8424074 | M67: 6.9277778 | N67: 6.3772436
A68: 45842 | B68: 4 | C68: 6.6856185 | D68: 5.0978947 | E68: 6.8 | F68: 6.835 | G68: 4.005 | H68: 5.47 | I68: 4.27 | J68: 6.125641 | K68: 6.902 | L68: 5.8464706 | M68: 6.9011111 | N68: 6.3459524
A69: 45845 | B69: 4 | C69: 6.7212594 | D69: 5.0842857 | E69: 6.8 | F69: 6.845 | G69: 4.005 | H69: 5.487561 | I69: 4.27 | J69: 6.1441041 | K69: 6.9216764 | L69: 5.8678395 | M69: 6.9276331 | N69: 6.3872888
A70: 45846 | B70: 3.9464658 | C70: 6.7358071 | D70: 5.0457143 | E70: 6.84 | F70: 6.84 | G70: 3.9514658 | H70: 5.4658333 | I70: 4.22 | J70: 6.149 | K70: 6.9198753 | L70: 5.8507368 | M70: 6.9182301 | N70: 6.4171246
A71: 45847 | B71: 4.025 | C71: 6.6796238 | D71: 5.03 | E71: 6.8 | F71: 6.84 | G71: 4.03 | H71: 5.4223684 | I71: 4.22 | J71: 6.1282796 | K71: 6.8641667 | L71: 5.8209434 | M71: 6.8683333 | N71: 6.3955952
A72: 45848 | B72: 4.0572785 | C72: 6.68625 | D72: 5.0436364 | E72: 6.8 | F72: 6.855 | G72: 4.0622785 | H72: 5.4446154 | I72: 4.24 | J72: 6.145 | K72: 6.8583333 | L72: 5.8359259 | M72: 6.84 | N72: 6.4230252
A73: 45849 | B73: 4.0453737 | C73: 6.7149551 | D73: 5.0045369 | E73: 6.83 | F73: 6.85 | G73: 4.0503737 | H73: 5.4062222 | I73: 4.23 | J73: 6.1654545 | K73: 6.8902247 | L73: 5.8309756 | M73: 6.8920253 | N73: 6.4449282
A74: 45852 | B74: 4.0187071 | C74: 6.7026437 | D74: 5.0053968 | E74: 6.84 | F74: 6.855 | G74: 4.0237071 | H74: 5.4026923 | I74: 4.2 | J74: 6.1752459 | K74: 6.9034391 | L74: 5.8385106 | M74: 6.9005882 | N74: 6.4625
A75: 45853 | B75: 4.028707 | C75: 6.7718182 | D75: 5.022 | E75: 6.83 | F75: 6.84 | G75: 4.0337071 | H75: 5.4506667 | I75: 4.21 | J75: 6.235261 | K75: 6.9460976 | L75: 5.8916337 | M75: 6.9475 | N75: 6.5201784
A76: 45854 | B76: 4.0187071 | C76: 6.815 | D76: 5.01 | E76: 6.8833333 | F76: 6.845 | G76: 4.0237071 | H76: 5.4471787 | I76: 4.2 | J76: 6.2667442 | K76: 6.9750969 | L76: 5.8959091 | M76: 6.9764286 | N76: 6.53625
... A216: 46059 | B216: 4.039002 | C216: 6.199025 | D216: 4.378097 | E216: 6.160507 | F216: 6.147777 | G216: 3.991462 | H216: 4.591898 | I216: 4.060543 | J216: 5.362453 | K216: 6.427712 | L216: 4.932373 | M216: 6.459928 | N216: 5.783816
A217: 46062 | C217: 6.212496 | D217: 4.373056 | E217: 6.160777 | F217: 6.156653 | G217: 3.93 | H217: 4.581531 | I217: 4.054174 | J217: 5.369392 | K217: 6.434304 | L217: 4.938288 | M217: 6.458432 | N217: 5.809072
A218: 46063 | B218: 4.007734 | C218: 6.2146509 | D218: 4.3611054 | E218: 6.1537386 | F218: 6.1519691 | G218: 3.9661752 | H218: 4.5689092 | I218: 4.0522471 | J218: 5.3804236 | K218: 6.4396517 | L218: 4.9493184 | M218: 6.4568565 | N218: 5.8077409
A219: 46064 | B219: 4.0063088 | C219: 6.2258431 | D219: 4.3730395 | E219: 6.1565654 | F219: 6.1517491 | G219: 3.9730462 | H219: 4.5650677 | I219: 4.0462262 | J219: 5.3875672 | K219: 6.4500439 | L219: 4.9465109 | M219: 6.469384 | N219: 5.818321
A220: 46065 | B220: 4.047178 | C220: 6.233875 | D220: 4.370194 | E220: 6.160266 | F220: 6.158509 | G220: 3.97349 | H220: 4.568575 | I220: 4.049996 | J220: 5.413468 | K220: 6.466961 | L220: 4.963245 | M220: 6.473764 | N220: 5.82328
A221: 46066 | B221: 4.023629 | C221: 6.238467 | D221: 4.374505 | E221: 6.157347 | F221: 6.157534 | G221: 3.973736 | H221: 4.571398 | I221: 4.065365 | J221: 5.417758 | K221: 6.465307 | L221: 4.952922 | M221: 6.483412 | N221: 5.812157
A222: 46069 | B222: 3.952535 | C222: 6.238046 | D222: 4.37116 | E222: 6.157022 | F222: 6.157421 | G222: 3.966131 | H222: 4.569671 | I222: 4.06043 | J222: 5.417686 | K222: 6.465647 | L222: 4.950824 | M222: 6.4829 | N222: 5.811409
A223: 46070 | B223: 4.038167 | C223: 6.23573 | D223: 4.371645 | E223: 6.151963 | F223: 6.154484 | G223: 3.967071 | H223: 4.565727 | I223: 4.048241 | J223: 5.402726 | K223: 6.457508 | L223: 4.937575 | M223: 6.476485 | N223: 5.778703
A224: 46071 | B224: 4.021421 | C224: 6.245152 | D224: 4.375459 | E224: 6.188334 | F224: 6.183901 | G224: 3.979216 | H224: 4.58192 | I224: 4.031546 | J224: 5.382891 | K224: 6.484121 | L224: 4.90452 | M224: 6.482776 | N224: 5.778056
A225: 46072 | B225: 4.034737 | C225: 6.240965 | D225: 4.373301 | E225: 6.174041 | F225: 6.175362 | G225: 3.969883 | H225: 4.576426 | I225: 4.027041 | J225: 5.390061 | K225: 6.480535 | L225: 4.900259 | M225: 6.47966 | N225: 5.808171
A226: 46073 | B226: 4.0347372 | C226: 6.25483 | D226: 4.396587 | E226: 6.178187 | F226: 6.176186 | G226: 3.9698831 | H226: 4.593463 | I226: 4.03868 | J226: 5.389454 | K226: 6.504427 | L226: 4.897697 | M226: 6.490174 | N226: 5.822092
A227: 46076 | B227: 3.99708 | C227: 6.249542 | D227: 4.407415 | E227: 6.190838 | F227: 6.180214 | G227: 3.959223 | H227: 4.612097 | I227: 4.034361 | J227: 5.392631 | K227: 6.513322 | L227: 4.908509 | M227: 6.502043 | N227: 5.809277
A228: 46077 | B228: 3.98893 | C228: 6.24257 | D228: 4.414069 | E228: 6.193369 | F228: 6.182524 | G228: 3.960678 | H228: 4.617981 | I228: 4.033574 | J228: 5.399205 | K228: 6.517777 | L228: 4.916112 | M228: 6.504005 | N228: 5.806405
A229: 46078 | B229: 3.9915887 | C229: 6.2444558 | D229: 4.42079 | E229: 6.2022454 | F229: 6.1920259 | G229: 3.974584 | H229: 4.6267006 | I229: 4.0360422 | J229: 5.400945 | K229: 6.5166188 | L229: 4.9154898 | M229: 6.5046099 | N229: 5.8236257
... A248: 46105 | B248: 4.1364411 | C248: 6.7191672 | D248: 4.9128131 | E248: 6.6486692 | F248: 6.5082384 | G248: 4.0887955 | H248: 5.0133875 | I248: 4.2780943 | J248: 5.8756984 | K248: 6.9114851 | L248: 5.3951424 | M248: 6.8557537 | N248: 6.3146053
A249: 46106 | C249: 6.72188 | D249: 4.936638 | E249: 6.648535 | F249: 6.51848 | H249: 5.042817 | I249: 4.278329 | J249: 5.890358 | K249: 6.90871 | L249: 5.411464 | M249: 6.86484 | N249: 6.333128
A250: 46107 | C250: 6.754518 | D250: 4.968188 | E250: 6.647046 | F250: 6.528926 | H250: 5.103003 | I250: 4.285945 | J250: 5.933107 | K250: 6.937737 | L250: 5.457973 | M250: 6.842448 | N250: 6.384717
A251: 46108 | C251: 6.8555 | D251: 5.033811 | E251: 6.722812 | F251: 6.528919 | H251: 5.146248 | I251: 4.295035 | J251: 6.002221 | K251: 7.056127 | L251: 5.530928 | M251: 6.988916 | N251: 6.523044
A252: 46111 | B252: 4.1938169 | C252: 6.8717276 | D252: 5.0667162 | E252: 6.7679197 | F252: 6.6335524 | G252: 4.1088671 | H252: 5.2113266 | I252: 4.2985373 | J252: 6.05432 | K252: 7.0698975 | L252: 5.5736028 | M252: 6.9916741 | N252: 6.571727
A253: 46112 | B253: 4.24542 | C253: 6.905209 | D253: 5.070996 | E253: 6.785075 | F253: 6.62105 | G253: 4.119189 | H253: 5.226493 | I253: 4.301348 | J253: 6.072881 | K253: 7.102608 | L253: 5.593735 | M253: 7.032105 | N253: 6.559351
A254: 46113 | B254: 4.2464982 | C254: 6.9135036 | D254: 5.1262607 | E254: 6.7753288 | F254: 6.6132249 | G254: 4.1801463 | H254: 5.2793219 | I254: 4.3133937 | J254: 6.1215059 | K254: 7.1117507 | L254: 5.6517343 | M254: 7.0399192 | N254: 6.5606822
A255: 46118 | B255: 4.2464982 | C255: 6.878774 | D255: 5.19147 | E255: 6.756586 | F255: 6.595191 | H255: 5.27626 | I255: 4.316384 | J255: 6.105636 | K255: 7.095359 | L255: 5.645252 | M255: 6.998924 | N255: 6.547416
A256: 46119 | C256: 6.928662 | D256: 5.189362 | E256: 6.713871 | F256: 6.626761 | H256: 5.356322 | I256: 4.334169 | J256: 6.189951 | K256: 7.149478 | L256: 5.725023 | M256: 7.011975 | N256: 6.555675
A257: 46120 | C257: 6.928662 | D257: 5.189362 | E257: 6.713871 | F257: 6.626761 | H257: 5.356322 | I257: 4.334169 | J257: 6.189951 | K257: 7.149478 | L257: 5.725023 | M257: 7.011975 | N257: 6.555675
A258: 46121 | B258: 4.3237963 | C258: 6.808257 | D258: 5.1262796 | E258: 6.6751666 | F258: 6.6919937 | G258: 4.1523375 | H258: 5.2680995 | I258: 4.3903429 | J258: 6.0482541 | K258: 7.011668 | L258: 5.6270482 | M258: 6.9220602 | N258: 6.2819212
A259: 46122 | B259: 4.322065 | C259: 6.77806 | D259: 5.032257 | E259: 6.680753 | F259: 6.622896 | G259: 4.153726 | H259: 5.21176 | I259: 4.386421 | J259: 5.980192 | K259: 6.937275 | L259: 5.55085 | M259: 6.904403 | N259: 6.174648
A260: 46125 | C260: 6.666084 | D260: 5.008859 | E260: 6.504897 | F260: 6.45711 | H260: 5.180607 | I260: 4.337708 | J260: 5.946746 | K260: 6.879498 | L260: 5.473394 | M260: 6.826204 | N260: 6.033548
A261: 46126 | B261: 4.2522356 | C261: 6.700658 | D261: 5.038388 | E261: 6.525121 | F261: 6.495154 | G261: 4.153726 | H261: 5.232747 | I261: 4.342407 | J261: 5.939163 | K261: 6.967044 | L261: 5.54132 | M261: 6.905354 | N261: 6.168543
A262: 46127 | B262: 4.2522356 | C262: 6.734037 | D262: 5.047102 | E262: 6.518852 | F262: 6.530123 | H262: 5.233538 | I262: 4.382812 | J262: 5.903652 | K262: 7.009783 | L262: 5.52227 | M262: 6.96089 | N262: 6.297588
A263: 46128 | B263: 4.3216573 | C263: 6.669991 | D263: 5.0543808 | E263: 6.5357369 | F263: 6.4836959 | G263: 4.3715143 | H263: 5.2048952 | I263: 4.3891863 | J263: 5.8846079 | K263: 6.9926657 | L263: 5.5155946 | M263: 6.9287535 | N263: 6.2562449
A264: 46129 | B264: 4.320095 | C264: 6.570754 | D264: 4.970058 | E264: 6.516323 | F264: 6.496615 | G264: 4.364142 | H264: 5.178661 | I264: 4.456914 | J264: 5.814863 | K264: 6.854751 | L264: 5.410168 | M264: 6.893706 | N264: 6.256107
A265: 46132 | B265: 4.3567545 | C265: 6.5338003 | D265: 4.9461455 | E265: 6.5070826 | F265: 6.4970698 | G265: 4.3283802 | H265: 5.1395405 | I265: 4.4266695 | J265: 5.7230021 | K265: 6.8242523 | L265: 5.3758465 | M265: 6.893706 | N265: 6.0450014
A266: 46133 | B266: 4.4429783 | C266: 6.5008507 | D266: 4.918291 | E266: 6.5062035 | F266: 6.5187184 | G266: 4.3326053 | H266: 5.1404551 | I266: 4.4649161 | J266: 5.7276246 | K266: 6.7881373 | L266: 5.3717723 | M266: 6.7965232 | N266: 6.0446853
A267: 46134 | B267: 4.4529133 | C267: 6.5485944 | D267: 4.9727377 | E267: 6.5220292 | F267: 6.4964671 | G267: 4.3276901 | H267: 5.1963671 | I267: 4.4941726 | J267: 5.7770841 | K267: 6.8261026 | L267: 5.421042 | M267: 6.8344674 | N267: 6.1065562
A268: 46135 | B268: 4.5226012 | C268: 6.5620869 | D268: 4.992673 | E268: 6.5238923 | F268: 6.5180825 | G268: 4.3323117 | H268: 5.2186655 | I268: 4.5329013 | J268: 5.7848418 | K268: 6.8419854 | L268: 5.4496666 | M268: 6.6894774 | N268: 6.2336031
A269: 46136 | B269: 4.533104 | C269: 6.577532 | D269: 5.06305 | E269: 6.52331 | F269: 6.499809 | G269: 4.373686 | H269: 5.299577 | I269: 4.545717 | J269: 5.826833 | K269: 6.83733 | L269: 5.486882 | M269: 6.685726 | N269: 6.192543
A270: 46139 | B270: 4.5267882 | C270: 6.6027917 | D270: 5.0798482 | E270: 6.5384842 | F270: 6.5553797 | G270: 4.3865476 | H270: 5.3228817 | I270: 4.5572088 | J270: 5.8359861 | K270: 6.8732012 | L270: 5.5323262 | M270: 6.6890743 | N270: 6.2247628
A271: 46140 | B271: 4.5726521 | C271: 6.6302517 | D271: 5.0891488 | E271: 6.604388 | F271: 6.5834924 | G271: 4.3718251 | H271: 5.3330191 | I271: 4.5776628 | J271: 5.8544921 | K271: 6.892229 | L271: 5.5479008 | M271: 6.8654597 | N271: 6.2197924
A272: 46141 | C272: 6.643461 | D272: 5.089221 | E272: 6.618552 | F272: 6.608185 | H272: 5.331674 | I272: 4.587004 | J272: 5.855809 | K272: 6.911152 | L272: 5.570064 | M272: 6.84105 | N272: 6.237607
A273: 46142 | C273: 6.671419 | D273: 5.113063 | E273: 6.640106 | F273: 6.612314 | H273: 5.342437 | I273: 4.609214 | J273: 5.868732 | K273: 6.925799 | L273: 5.594781 | M273: 6.898009 | N273: 6.233877
A274: 46146 | C274: 6.67239 | D274: 5.11318 | E274: 6.677549 | F274: 6.660205 | H274: 5.3508 | I274: 4.616337 | J274: 5.869206 | K274: 6.928916 | L274: 5.609867 | M274: 6.909692 | N274: 6.250636
A275: 46147 | C275: 6.679479 | D275: 5.121657 | E275: 6.668823 | F275: 6.638576 | H275: 5.357332 | I275: 4.643158 | J275: 5.89961 | K275: 6.93404 | L275: 5.637843 | M275: 6.912174 | N275: 6.260346
A276: 46148 | B276: 4.6182717 | C276: 6.6824307 | D276: 5.0922253 | E276: 6.6745623 | F276: 6.6289933 | G276: 4.441318 | H276: 5.3230577 | I276: 4.6291433 | J276: 5.8919008 | K276: 6.9393829 | L276: 5.6226402 | M276: 6.915209 | N276: 6.2265584
A277: 46149 | C277: 6.64681 | D277: 5.110931 | E277: 6.663051 | F277: 6.6339 | H277: 5.323367 | I277: 4.629021 | J277: 5.884962 | K277: 6.901663 | L277: 5.637459 | M277: 6.876684 | N277: 6.201824
A278: 46150 | B278: 4.624062 | C278: 6.6429734 | D278: 5.1049543 | E278: 6.6779252 | F278: 6.6449164 | G278: 4.440799 | H278: 5.3180958 | I278: 4.6236528 | J278: 5.8911638 | K278: 6.9087119 | L278: 5.6430216 | M278: 6.8906638 | N278: 6.2113524
A279: 46153 | C279: 6.646512 | D279: 5.105144 | E279: 6.677798 | F279: 6.650407 | H279: 5.31984 | I279: 4.618614 | J279: 5.917053 | K279: 6.92349 | L279: 5.667384 | M279: 6.911876 | N279: 6.226297
A280: 46154 | C280: 6.650358 | D280: 5.111791 | E280: 6.69766 | F280: 6.659041 | H280: 5.314105 | I280: 4.603257 | J280: 5.930444 | K280: 6.942485 | L280: 5.680978 | M280: 6.910357 | N280: 6.227132
A281: 46155 | C281: 6.650764 | D281: 5.105857 | E281: 6.685289 | F281: 6.653391 | H281: 5.323702 | I281: 4.602816 | J281: 5.926951 | K281: 6.929123 | L281: 5.678993 | M281: 6.915056 | N281: 6.217582
A282: 46156 | C282: 6.665278 | D282: 5.096205 | E282: 6.692899 | F282: 6.657535 | H282: 5.318368 | I282: 4.566908 | J282: 5.923205 | K282: 6.937866 | L282: 5.670499 | M282: 6.906993 | N282: 6.223679
A283: 46157 | C283: 6.687868 | D283: 5.09368 | E283: 6.715683 | F283: 6.681703 | H283: 5.339831 | I283: 4.562242 | J283: 5.946647 | K283: 6.946858 | L283: 5.689764 | M283: 6.937601 | N283: 6.272281
A284: 46160 | C284: 6.725366 | D284: 5.090348 | E284: 6.717801 | F284: 6.703906 | H284: 5.355961 | I284: 4.556763 | J284: 5.987838 | K284: 6.994253 | L284: 5.709019 | M284: 6.969619 | N284: 6.306774
A285: 46161 | C285: 6.735989 | D285: 5.061347 | E285: 6.708341 | F285: 6.689245 | H285: 5.359566 | I285: 4.516695 | J285: 5.991666 | K285: 6.987795 | L285: 5.704826 | M285: 6.970845 | N285: 6.343454
A286: 46162 | C286: 6.714133 | D286: 5.026508 | E286: 6.72326 | F286: 6.700951 | H286: 5.339846 | I286: 4.507515 | J286: 5.980267 | K286: 6.978533 | L286: 5.68827 | M286: 6.939742 | N286: 6.296073
A287: 46163 | C287: 6.704985 | D287: 5.012904 | E287: 6.65829 | F287: 6.660576 | H287: 5.339861 | I287: 4.4443 | J287: 5.979356 | K287: 6.954199 | L287: 5.680518 | M287: 6.927649 | N287: 6.312723
A288: 46164 | C288: 6.696213 | D288: 4.989376 | E288: 6.665535 | F288: 6.689262 | H288: 5.324606 | I288: 4.429561 | J288: 5.96896 | K288: 6.950595 | L288: 5.669059 | M288: 6.920795 | N288: 6.287606
A289: 46167 | C289: 6.696127 | D289: 4.986785 | E289: 6.66544 | F289: 6.689269 | H289: 5.323723 | I289: 4.425323 | J289: 5.969432 | K289: 6.951221 | L289: 5.667631 | M289: 6.920556 | N289: 6.287257
A290: 46168 | C290: 6.686238 | D290: 4.861452 | E290: 6.690133 | F290: 6.680633 | H290: 5.256727 | I290: 4.371962 | J290: 5.919378 | K290: 6.946438 | L290: 5.605696 | M290: 6.921168 | N290: 6.272765
... A332: 46230 | C332: 6.529439 | D332: 3.749004 | E332: 6.583504 | F332: 6.582811 | H332: 4.537758 | I332: 3.548377 | J332: 5.715004 | K332: 6.737957 | L332: 5.177525 | M332: 6.724489 | N332: 6.049117
A333: 46232
A334: 46233 | C334: 6.536275 | D334: 3.714173 | E334: 6.578778 | F334: 6.553759 | H334: 4.487422 | I334: 3.522169 | J334: 5.720942 | K334: 6.735359 | L334: 5.177438 | M334: 6.714936 | N334: 6.047715
A335: 46234 | C335: 6.535204 | D335: 3.747385 | E335: 6.583809 | F335: 6.583121 | H335: 4.538432 | I335: 3.483221 | J335: 5.755794 | K335: 6.753034 | L335: 5.21786 | M335: 6.736257 | N335: 6.085012
A336: 46237 | C336: 6.547194 | D336: 3.729684 | E336: 6.589079 | F336: 6.586833 | H336: 4.512822 | I336: 3.434433 | J336: 5.755375 | K336: 6.756543 | L336: 5.224136 | M336: 6.725521 | N336: 6.105835
A337: 46238 | C337: 6.547281 | D337: 3.764099 | E337: 6.575314 | F337: 6.565183 | H337: 4.550515 | I337: 3.430494 | J337: 5.803998 | K337: 6.764226 | L337: 5.227163 | M337: 6.735208 | N337: 6.168215
A338: 46239 | C338: 6.573606 | D338: 3.807532 | E338: 6.582606 | F338: 6.560846 | H338: 4.635522 | I338: 3.441434 | J338: 5.846033 | K338: 6.803963 | L338: 5.306419 | M338: 6.777883 | N338: 6.201179
A339: 46241 | C339: 6.57748 | D339: 3.815575 | E339: 6.574787 | F339: 6.563958 | H339: 4.680075 | I339: 3.450679 | J339: 5.854727 | K339: 6.798623 | L339: 5.319749 | M339: 6.779555 | N339: 6.186454
A340: 46244 | C340: 6.576633 | D340: 3.834454 | E340: 6.554458 | F340: 6.568479 | H340: 4.720596 | I340: 3.470094 | J340: 5.860427 | K340: 6.802153 | L340: 5.336137 | M340: 6.777906 | N340: 6.17078
A341: 46245 | C341: 6.575913 | D341: 3.867736 | E341: 6.573534 | F341: 6.584723 | H341: 4.745352 | I341: 3.478614 | J341: 5.844162 | K341: 6.778856 | L341: 5.341612 | M341: 6.76089 | N341: 6.144511
A342: 46246 | C342: 6.565258 | D342: 3.874087 | E342: 6.5656 | F342: 6.583686 | H342: 4.771101 | I342: 3.48149 | J342: 5.82894 | K342: 6.764865 | L342: 5.343159 | M342: 6.746286 | N342: 6.116887
A343: 46247 | C343: 6.553517 | D343: 3.885683 | E343: 6.570633 | F343: 6.587546 | H343: 4.786356 | I343: 3.486589 | J343: 5.810887 | K343: 6.74537 | L343: 5.347045 | M343: 6.736564 | N343: 6.084899
A344: 46248 | C344: 6.547701 | D344: 3.868385 | E344: 6.57284 | F344: 6.582096 | H344: 4.782896 | I344: 3.486565 | J344: 5.795593 | K344: 6.742152 | L344: 5.322986 | M344: 6.733916 | N344: 6.088886
A345: 46251 | C345: 6.545696 | D345: 3.882013 | E345: 6.623816 | F345: 6.625663 | H345: 4.802267 | I345: 3.522615 | J345: 5.789572 | K345: 6.745906 | L345: 5.336913 | M345: 6.740074 | N345: 6.095827
... A374: 46290 | C374: 6.939236 | D374: 4.673496 | E374: 6.784434 | F374: 6.785324 | H374: 5.398852 | I374: 4.294939 | J374: 6.322298 | K374: 7.041884 | L374: 5.90402 | M374: 7.050711 | N374: 6.691207

Sheet Duración MEF
A1: Fecha | B1: SB12AGO26 | C1: SB12AGO28 | D1: SB12FEB29 | E1: SB12AGO31 | F1: SB12AGO32 | G1: SB12AGO33 | H1: SB12AGO34 | I1: SB12AGO35 | J1: SB12AGO37 | K1: SB12AGO39 | L1: SB12AGO40 | M1: SB12FEB42 | N1: SB12FEB55
A2: 45839 | B2: 1.03 | C2: 2.76 | D2: 3.16 | E2: 4.83 | F2: 5.54 | G2: 5.94 | H2: 6.79 | I2: 7.14 | J2: 7.83 | K2: 8.38 | L2: 9.41 | M2: 9.46 | N2: 12.19
A3: 45840 | B3: 1.03 | C3: 2.76 | D3: 3.16 | E3: 4.84 | F3: 5.54 | G3: 5.94 | H3: 6.79 | I3: 7.14 | J3: 7.82 | K3: 8.38 | L3: 9.4 | M3: 9.46 | N3: 12.17
A4: 45841 | B4: 1.03 | C4: 2.75 | D4: 3.16 | E4: 4.84 | F4: 5.54 | G4: 5.94 | H4: 6.79 | I4: 7.14 | J4: 7.81 | K4: 8.36 | L4: 9.38 | M4: 9.44 | N4: 12.17
A5: 45842 | B5: 1.02 | C5: 2.74 | D5: 3.15 | E5: 4.84 | F5: 5.54 | G5: 5.93 | H5: 6.79 | I5: 7.14 | J5: 7.82 | K5: 8.37 | L5: 9.39 | M5: 9.45 | N5: 12.13
A6: 45845 | B6: 1.02 | C6: 2.74 | D6: 3.15 | E6: 4.83 | F6: 5.53 | G6: 5.92 | H6: 6.78 | I6: 7.13 | J6: 7.8 | K6: 8.35 | L6: 9.38 | M6: 9.43 | N6: 12.11
A7: 45846 | B7: 1.01 | C7: 2.74 | D7: 3.15 | E7: 4.83 | F7: 5.53 | G7: 5.92 | H7: 6.77 | I7: 7.12 | J7: 7.79 | K7: 8.35 | L7: 9.37 | M7: 9.4 | N7: 12.1
A8: 45847 | B8: 1.01 | C8: 2.73 | D8: 3.14 | E8: 4.83 | F8: 5.53 | G8: 5.92 | H8: 6.77 | I8: 7.12 | J8: 7.81 | K8: 8.36 | L8: 9.39 | M8: 9.42 | N8: 12.12
A9: 45848 | B9: 1.01 | C9: 2.73 | D9: 3.14 | E9: 4.82 | F9: 5.53 | G9: 5.92 | H9: 6.77 | I9: 7.11 | J9: 7.8 | K9: 8.37 | L9: 9.39 | M9: 9.41 | N9: 12.1
A10: 45849 | B10: 1.01 | C10: 2.72 | D10: 3.14 | E10: 4.82 | F10: 5.53 | G10: 5.92 | H10: 6.76 | I10: 7.11 | J10: 7.79 | K10: 8.35 | L10: 9.38 | M10: 9.4 | N10: 12.1
A11: 45852 | B11: 1 | C11: 2.72 | D11: 3.13 | E11: 4.82 | F11: 5.52 | G11: 5.91 | H11: 6.75 | I11: 7.1 | J11: 7.78 | K11: 8.34 | L11: 9.36 | M11: 9.38 | N11: 12.09
A12: 45853 | B12: 1 | C12: 2.71 | D12: 3.13 | E12: 4.81 | F12: 5.51 | G12: 5.9 | H12: 6.74 | I12: 7.09 | J12: 7.77 | K12: 8.33 | L12: 9.34 | M12: 9.36 | N12: 12.1
A13: 45854 | B13: 0.99 | C13: 2.71 | D13: 3.13 | E13: 4.81 | F13: 5.51 | G13: 5.9 | H13: 6.74 | I13: 7.08 | J13: 7.76 | K13: 8.31 | L13: 9.34 | M13: 9.36 | N13: 12.1
... A24: 45874 | B24: 0.94 | C24: 2.66 | D24: 3.07 | E24: 4.76 | F24: 5.47 | G24: 5.86 | H24: 6.71 | I24: 7.06 | J24: 7.75 | K24: 8.32 | L24: 9.35 | M24: 9.37 | N24: 12.15
A25: 45875
A26: 45876 | B26: 0.93 | C26: 2.65 | D26: 3.07 | E26: 4.75 | F26: 5.47 | G26: 5.86 | H26: 6.72 | I26: 7.06 | J26: 7.75 | K26: 8.33 | L26: 9.36 | M26: 9.4 | N26: 12.24
A27: 45877 | B27: 0.93 | C27: 2.65 | D27: 3.06 | E27: 4.75 | F27: 5.46 | G27: 5.86 | H27: 6.72 | I27: 7.07 | J27: 7.76 | K27: 8.33 | L27: 9.38 | M27: 9.4 | N27: 12.28
A28: 45880 | B28: 0.92 | C28: 2.64 | D28: 3.06 | E28: 4.74 | F28: 5.45 | G28: 5.85 | H28: 6.71 | I28: 7.06 | J28: 7.75 | K28: 8.33 | L28: 9.37 | M28: 9.41 | N28: 12.31
A29: 45881 | B29: 0.96 | C29: 2.72 | D29: 3.14 | E29: 4.89 | F29: 5.61 | G29: 6.05 | H29: 6.9 | I29: 7.07 | J29: 8.02 | K29: 8.62 | L29: 9.65 | M29: 9.73 | N29: 12.73
A30: 45882 | B30: 0.95 | C30: 2.72 | D30: 3.14 | E30: 4.89 | F30: 5.62 | G30: 6.03 | H30: 6.9 | I30: 7.08 | J30: 8.03 | K30: 8.64 | L30: 9.67 | M30: 9.73 | N30: 12.73
A31: 45883 | B31: 0.95 | C31: 2.71 | D31: 3.13 | E31: 4.89 | F31: 5.61 | G31: 6.05 | H31: 6.89 | I31: 7.06 | J31: 8.02 | K31: 8.62 | L31: 9.66 | M31: 9.73 | N31: 12.62
A32: 45884 | B32: 0.95 | C32: 2.71 | D32: 3.13 | E32: 4.88 | F32: 5.61 | G32: 6.04 | H32: 6.89 | I32: 7.06 | J32: 8.01 | K32: 8.62 | L32: 9.65 | M32: 9.72 | N32: 12.6
A33: 45887 | B33: 0.98 | C33: 2.81 | D33: 3.25 | E33: 5.12 | F33: 5.9 | G33: 6.37 | H33: 7.29 | I33: 7.48 | J33: 8.52 | K33: 9.17 | L33: 10.27 | M33: 10.35 | N33: 13.4
A34: 45888 | B34: 0.94 | C34: 2.7 | D34: 3.12 | E34: 4.87 | F34: 5.6 | G34: 6.02 | H34: 6.87 | I34: 7.03 | J34: 7.98 | K34: 8.58 | L34: 9.61 | M34: 9.69 | N34: 12.53
A35: 45889 | B35: 0.93 | C35: 2.7 | D35: 3.11 | E35: 4.86 | F35: 5.59 | G35: 6.02 | H35: 6.87 | I35: 7.03 | J35: 7.97 | K35: 8.57 | L35: 9.6 | M35: 9.68 | N35: 12.51
A36: 45890 | B36: 0.93 | C36: 2.69 | D36: 3.11 | E36: 4.86 | F36: 5.58 | G36: 6.01 | H36: 6.86 | I36: 7.02 | J36: 7.96 | K36: 8.55 | L36: 9.58 | M36: 9.66 | N36: 12.46
A37: 45891 | B37: 0.93 | C37: 2.69 | D37: 3.11 | E37: 4.86 | F37: 5.59 | G37: 6.02 | H37: 6.86 | I37: 7.03 | J37: 7.97 | K37: 8.58 | L37: 9.61 | M37: 9.71 | N37: 12.55
... A69: 45937 | B69: 0.81 | C69: 2.56 | D69: 2.98 | E69: 4.75 | F69: 5.48 | G69: 5.92 | H69: 6.76 | I69: 6.93 | J69: 7.89 | K69: 8.49 | L69: 9.53 | M69: 9.61 | N69: 12.54
A70: 45938
A71: 45939 | B71: 0.8 | C71: 2.56 | D71: 2.98 | E71: 4.74 | F71: 5.48 | G71: 5.91 | H71: 6.75 | I71: 6.92 | J71: 7.87 | K71: 8.47 | L71: 9.51 | M71: 9.59 | N71: 12.49
A72: 45940 | B72: 0.8 | C72: 2.55 | D72: 2.98 | E72: 4.74 | F72: 5.47 | G72: 5.91 | H72: 6.74 | I72: 6.91 | J72: 7.86 | K72: 8.46 | L72: 9.49 | M72: 9.57 | N72: 12.45
A73: 45943 | B73: 0.79 | C73: 2.55 | D73: 2.97 | E73: 4.73 | F73: 5.46 | G73: 5.9 | H73: 6.73 | I73: 6.9 | J73: 7.85 | K73: 8.45 | L73: 9.49 | M73: 9.56 | N73: 12.45
A74: 45944 | B74: 0.79 | C74: 2.54 | D74: 2.97 | E74: 4.73 | F74: 5.46 | G74: 5.89 | H74: 6.73 | I74: 6.9 | J74: 7.86 | K74: 8.46 | L74: 9.49 | M74: 9.56 | N74: 12.46
A75: 45945 | B75: 0.79 | C75: 2.54 | D75: 2.96 | E75: 4.73 | F75: 5.46 | G75: 5.9 | H75: 6.73 | I75: 6.9 | J75: 7.86 | K75: 8.46 | L75: 9.49 | M75: 9.58 | N75: 12.5
A76: 45946 | B76: 0.78 | C76: 2.54 | D76: 2.96 | E76: 4.73 | F76: 5.46 | G76: 5.9 | H76: 6.74 | I76: 6.9 | J76: 7.85 | K76: 8.46 | L76: 9.49 | M76: 9.57 | N76: 12.49
A77: 45947 | B77: 0.78 | C77: 2.54 | D77: 2.96 | E77: 4.72 | F77: 5.46 | G77: 5.9 | H77: 6.74 | I77: 6.9 | J77: 7.85 | K77: 8.46 | L77: 9.49 | M77: 9.57 | N77: 12.49
A78: 45950 | B78: 0.77 | C78: 2.53 | D78: 2.95 | E78: 4.72 | F78: 5.45 | G78: 5.9 | H78: 6.74 | I78: 6.9 | J78: 7.85 | K78: 8.45 | L78: 9.48 | M78: 9.57 | N78: 12.49
A79: 45951 | B79: 0.77 | C79: 2.53 | D79: 2.95 | E79: 4.71 | F79: 5.45 | G79: 5.9 | H79: 6.73 | I79: 6.9 | J79: 7.86 | K79: 8.46 | L79: 9.49 | M79: 9.58 | N79: 12.53
A80: 45952 | B80: 0.77 | C80: 2.52 | D80: 2.95 | E80: 4.71 | F80: 5.45 | G80: 5.89 | H80: 6.73 | I80: 6.89 | J80: 7.84 | K80: 8.45 | L80: 9.49 | M80: 9.57 | N80: 12.52
A81: 45953 | B81: 0.79 | C81: 2.63 | D81: 3.07 | E81: 4.94 | F81: 5.72 | G81: 6.21 | H81: 7.12 | I81: 7.32 | J81: 8.35 | K81: 9.01 | L81: 10.11 | M81: 10.19 | N81: 13.34
A82: 45954 | B82: 0.76 | C82: 2.52 | D82: 2.94 | E82: 4.7 | F82: 5.44 | G82: 5.88 | H82: 6.73 | I82: 6.9 | J82: 7.84 | K82: 8.46 | L82: 9.49 | M82: 9.56 | N82: 12.54
... A269: 46230 | B269: 0.04 | C269: 1.87 | D269: 2.31 | E269: 4.19 | F269: 4.91 | G269: 5.36 | H269: 6.19 | I269: 6.46 | J269: 7.35 | K269: 7.99 | L269: 9 | M269: 9.12 | N269: 11.86
A270: 46232
A271: 46233 | B271: 0.03 | C271: 1.86 | D271: 2.3 | E271: 4.18 | F271: 4.9 | G271: 5.36 | H271: 6.18 | I271: 6.46 | J271: 7.35 | K271: 7.99 | L271: 9 | M271: 9.12 | N271: 11.87
A272: 46234 | B272: 0.03 | C272: 1.86 | D272: 2.29 | E272: 4.17 | F272: 4.89 | G272: 5.35 | H272: 6.17 | I272: 6.45 | J272: 7.33 | K272: 7.97 | L272: 8.98 | M272: 9.1 | N272: 11.83
A273: 46237 | B273: 0.02 | C273: 1.85 | D273: 2.28 | E273: 4.16 | F273: 4.88 | G273: 5.34 | H273: 6.16 | I273: 6.43 | J273: 7.32 | K273: 7.96 | L273: 8.97 | M273: 9.14 | N273: 11.95
A274: 46238 | B274: 0.02 | C274: 1.85 | D274: 2.28 | E274: 4.16 | F274: 4.87 | G274: 5.33 | H274: 6.15 | I274: 6.42 | J274: 7.32 | K274: 7.95 | L274: 8.96 | M274: 9.13 | N274: 11.91
A275: 46239 | B275: 0.02 | C275: 1.84 | D275: 2.28 | E275: 4.15 | F275: 4.87 | G275: 5.32 | H275: 6.15 | I275: 6.42 | J275: 7.31 | K275: 7.94 | L275: 8.96 | M275: 9.12 | N275: 11.91
A276: 46241 | B276: 0.01 | C276: 1.84 | D276: 2.27 | E276: 4.15 | F276: 4.86 | G276: 5.32 | H276: 6.15 | I276: 6.42 | J276: 7.31 | K276: 7.95 | L276: 8.96 | M276: 9.13 | N276: 11.92
A277: 46244 | B277: 0.01 | C277: 1.83 | D277: 2.26 | E277: 4.13 | F277: 4.85 | G277: 5.31 | H277: 6.14 | I277: 6.41 | J277: 7.31 | K277: 7.95 | L277: 8.96 | M277: 9.13 | N277: 11.94
A278: 46245 | B278: 0 | C278: 1.83 | D278: 2.26 | E278: 4.14 | F278: 4.85 | G278: 5.31 | H278: 6.14 | I278: 6.41 | J278: 7.31 | K278: 7.94 | L278: 8.96 | M278: 9.13 | N278: 11.94
A279: 46246 | B279: 0 | C279: 1.88 | D279: 2.32 | E279: 4.26 | F279: 4.98 | G279: 5.48 | H279: 6.31 | I279: 6.62 | J279: 7.55 | K279: 8.23 | L279: 9.24 | M279: 9.43 | N279: 12.34
A280: 46247 | C280: 1.88 | D280: 2.32 | E280: 4.26 | F280: 4.98 | G280: 5.48 | H280: 6.31 | I280: 6.62 | J280: 7.55 | K280: 8.23 | L280: 9.24 | M280: 9.43 | N280: 12.36
A281: 46248 | C281: 1.87 | D281: 2.32 | E281: 4.25 | F281: 4.98 | G281: 5.48 | H281: 6.31 | I281: 6.62 | J281: 7.55 | K281: 8.22 | L281: 9.23 | M281: 9.42 | N281: 12.33
A282: 46251 | C282: 1.87 | D282: 2.31 | E282: 4.25 | F282: 4.97 | G282: 5.47 | H282: 6.3 | I282: 6.61 | J282: 7.54 | K282: 8.21 | L282: 9.22 | M282: 9.41 | N282: 12.33
A283: 46252 | C283: 1.86 | D283: 2.31 | E283: 4.24 | F283: 4.96 | G283: 5.46 | H283: 6.29 | I283: 6.6 | J283: 7.54 | K283: 8.2 | L283: 9.21 | M283: 9.39 | N283: 12.28
A284: 46253 | C284: 1.86 | D284: 2.3 | E284: 4.24 | F284: 4.96 | G284: 5.46 | H284: 6.28 | I284: 6.59 | J284: 7.53 | K284: 8.19 | L284: 9.2 | M284: 9.39 | N284: 12.27
A285: 46254 | C285: 1.86 | D285: 2.3 | E285: 4.24 | F285: 4.96 | G285: 5.45 | H285: 6.27 | I285: 6.58 | J285: 7.51 | K285: 8.18 | L285: 9.18 | M285: 9.36 | N285: 12.19
A286: 46255 | C286: 1.85 | D286: 2.3 | E286: 4.23 | F286: 4.96 | G286: 5.45 | H286: 6.27 | I286: 6.57 | J286: 7.5 | K286: 8.17 | L286: 9.17 | M286: 9.35 | N286: 12.18
A287: 46258 | C287: 1.85 | D287: 2.29 | E287: 4.22 | F287: 4.95 | G287: 5.44 | H287: 6.26 | I287: 6.57 | J287: 7.5 | K287: 8.17 | L287: 9.17 | M287: 9.35 | N287: 12.2
A288: 46259 | C288: 1.85 | D288: 2.29 | E288: 4.23 | F288: 4.95 | G288: 5.44 | H288: 6.26 | I288: 6.57 | J288: 7.5 | K288: 8.17 | L288: 9.18 | M288: 9.37 | N288: 12.24
A289: 46260 | C289: 1.84 | D289: 2.29 | E289: 4.22 | F289: 4.95 | G289: 5.43 | H289: 6.26 | I289: 6.57 | J289: 7.5 | K289: 8.17 | L289: 9.18 | M289: 9.36 | N289: 12.24
A290: 46261 | C290: 1.84 | D290: 2.28 | E290: 4.22 | F290: 4.95 | G290: 5.43 | H290: 6.26 | I290: 6.56 | J290: 7.49 | K290: 8.17 | L290: 9.17 | M290: 9.36 | N290: 12.22
A291: 46262 | C291: 1.84 | D291: 2.28 | E291: 4.22 | F291: 4.94 | G291: 5.43 | H291: 6.25 | I291: 6.56 | J291: 7.49 | K291: 8.16 | L291: 9.17 | M291: 9.36 | N291: 12.23
... A303: 46280 | C303: 1.7808246 | D303: 2.2257567 | E303: 4.1558966 | F303: 4.8733575 | G303: 5.3559771 | H303: 6.1783044 | I303: 6.4648379 | J303: 7.3881169 | K303: 8.0538794 | L303: 9.0558353 | M303: 9.2412178 | N303: 12.273817
A304: 46281 | D304: 2.2221152 | E304: 4.1508165 | F304: 4.8571374 | G304: 5.3487668 | H304: 6.1702128 | I304: 6.4651128 | J304: 7.3896371 | K304: 8.0627979 | L304: 9.0649122 | M304: 9.2112407 | N304: 12.372497
A305: 46282 | D305: 2.2184761 | E305: 4.1388172 | F305: 4.8427506 | G305: 5.3449189 | H305: 6.1683299 | I305: 6.4671153 | J305: 7.4013758 | K305: 8.0783617 | L305: 9.0801137 | M305: 9.2231191 | N305: 12.302316
A306: 46283 | D306: 2.2096208 | E306: 4.1222119 | F306: 4.8368121 | G306: 5.3294674 | H306: 6.16 | I306: 6.4511893 | J306: 7.3924354 | K306: 8.0622546 | L306: 9.0669434 | M306: 9.2423745 | N306: 12.359961
A307: 46286 | D307: 2.2012125 | E307: 4.1070234 | F307: 4.8329537 | G307: 5.3264053 | H307: 6.1583219 | I307: 6.4554883 | J307: 7.3939905 | K307: 8.0628272 | L307: 9.072377 | M307: 9.2487229 | N307: 12.373299
A308: 46287 | D308: 2.1951664 | E308: 4.1055046 | F308: 4.8289147 | G308: 5.3238226 | H308: 6.1569606 | I308: 6.455701 | J308: 7.3937465 | K308: 8.0678949 | L308: 9.0711006 | M308: 9.2519851 | N308: 12.378916
A309: 46288 | D309: 2.1906278 | E309: 4.0999188 | F309: 4.8254727 | G309: 5.3176822 | H309: 6.146145 | I309: 6.4428976 | J309: 7.3762594 | K309: 8.0425723 | L309: 9.0496173 | M309: 9.252679 | N309: 12.271433
A310: 46289 | D310: 2.1877517 | E310: 4.0980866 | F310: 4.8250859 | G310: 5.3172497 | H310: 6.1374965 | I310: 6.4350354 | J310: 7.3665014 | K310: 8.0316858 | L310: 9.0366342 | M310: 9.2289096 | N310: 12.264301
A311: 46290 | D311: 2.1848756 | E311: 4.0972952 | F311: 4.8216099 | G311: 5.3074287 | H311: 6.1301241 | I311: 6.4222247 | J311: 7.34335 | K311: 8.0026881 | L311: 8.9984226 | M311: 9.2022701 | N311: 12.237654

Sheet YTM MEF
A1: Fecha | B1: SB12AGO26 | C1: SB12AGO28 | D1: SB12FEB29 | E1: SB12AGO31 | F1: SB12AGO32 | G1: SB12AGO33 | H1: SB12AGO34 | I1: SB12AGO35 | J1: SB12AGO37 | K1: SB12AGO39 | L1: SB12AGO40 | M1: SB12FEB42 | N1: SB12FEB55
A2: 45748 | B2: 4.1414 | C2: 4.3 | D2: 4.6664 | E2: 5.6162 | F2: 6.0462 | G2: 6.4076 | H2: 6.6812 | J2: 7.0583 | K2: 7.2114 | L2: 7.2219 | M2: 7.145 | N2: 7.0113
A3: 45749 | B3: 4.105 | C3: 4.2636 | D3: 4.63 | E3: 5.5715 | F3: 6.0023 | G3: 6.3784 | H3: 6.6489 | J3: 7.0418 | K3: 7.1926 | L3: 7.1667 | M3: 7.0898 | N3: 6.9561
A4: 45750 | B4: 4.0654 | C4: 4.224 | D4: 4.555 | E4: 5.4351 | F4: 5.851 | G4: 6.2091 | H4: 6.4844 | J4: 6.8709 | K4: 7.0597 | L4: 7.0656 | M4: 6.99 | N4: 6.6
A5: 45751 | B5: 4.0414 | C5: 4.2 | D5: 4.51 | E5: 5.4082 | F5: 5.7971 | G5: 6.1532 | H5: 6.3966 | J5: 6.8 | K5: 7.0028 | L5: 7.0371 | M5: 6.9615 | N5: 6.5715
A6: 45754 | B6: 4.0727 | C6: 4.2313 | D6: 4.5 | E6: 5.4395 | F6: 5.851 | G6: 6.1883 | H6: 6.5168 | J6: 6.9022 | K6: 7.1364 | L6: 7.1517 | M6: 7.0631 | N6: 6.56
A7: 45755 | B7: 4.0783 | C7: 4.2369 | D7: 4.475 | E7: 5.4451 | F7: 5.8968 | G7: 6.3153 | H7: 6.5871 | J7: 7.0215 | K7: 7.2201 | L7: 7.2233 | M7: 7.2 | N7: 6.6969
A8: 45756 | B8: 4.1233 | C8: 4.2819 | D8: 4.52 | E8: 5.4687 | F8: 5.9593 | G8: 6.3703 | H8: 6.6869 | J8: 7.1214 | K8: 7.2754 | L8: 7.2788 | M8: 7.1 | N8: 6.5969
A9: 45757 | B9: 4.0953 | C9: 4.2539 | D9: 4.492 | E9: 5.4508 | F9: 5.8545 | G9: 6.3392 | H9: 6.6488 | J9: 6.9772 | K9: 7.1732 | L9: 7.1927 | M9: 7.0139 | N9: 6.5108
A10: 45758 | B10: 4.133 | C10: 4.2916 | D10: 4.5297 | E10: 5.4885 | F10: 5.8972 | G10: 6.3638 | H10: 6.647 | J10: 7.0982 | K10: 7.193 | L10: 7.18 | M10: 7.1 | N10: 6.5969
A11: 45761 | B11: 4.0314 | C11: 4.19 | D11: 4.492 | E11: 5.4568 | F11: 5.8686 | G11: 6.3703 | H11: 6.6129 | J11: 6.9575 | K11: 7.1201 | L11: 7.17 | M11: 7.09 | N11: 6.5869
A12: 45762 | B12: 4.0694 | C12: 4.228 | D12: 4.53 | E12: 5.48 | F12: 5.8419 | G12: 6.3048 | H12: 6.6219 | J12: 6.9875 | K12: 7.1764 | L12: 7.1835 | M12: 7.1035 | N12: 6.6004
A13: 45763 | B13: 4.0581 | C13: 4.2167 | D13: 4.552 | E13: 5.5 | F13: 5.88 | G13: 6.3113 | H13: 6.6365 | J13: 7.03 | K13: 7.2175 | L13: 7.2125 | M13: 7.1325 | N13: 6.6294
... A21: 45777 | B21: 4.1533 | C21: 4.1282 | D21: 4.3731 | E21: 5.3159 | F21: 5.8284 | G21: 6.2076 | H21: 6.5424 | J21: 7.046 | K21: 7.1495 | L21: 7.1575 | M21: 7.144 | N21: 6.6546
A22: 45779
A23: 45782
A24: 45783 | B24: 4.1151 | C24: 4.09 | D24: 4.42 | E24: 5.3335 | F24: 5.8174 | G24: 6.2246 | H24: 6.5861 | J24: 7.0722 | K24: 7.2237 | L24: 7.2233 | M24: 7.2071 | N24: 6.7177
A25: 45784 | B25: 4.0827 | C25: 4.0576 | D25: 4.415 | E25: 5.3011 | F25: 5.7753 | G25: 6.1676 | H25: 6.5371 | J25: 6.9979 | K25: 7.1732 | L25: 7.1618 | M25: 7.1676 | N25: 6.6782
A26: 45785 | B26: 4.0577 | C26: 4.0326 | D26: 4.39 | E26: 5.3069 | F26: 5.7823 | G26: 6.1658 | H26: 6.5562 | J26: 6.9671 | K26: 7.1726 | L26: 7.1655 | M26: 7.05 | N26: 6.5606
A27: 45786 | B27: 4.0701 | C27: 4.045 | D27: 4.3213 | E27: 5.2157 | F27: 5.6652 | G27: 6.0653 | H27: 6.4266 | J27: 6.863 | K27: 7.0596 | L27: 7.0539 | M27: 6.9 | N27: 6.4106
A28: 45789 | B28: 4.0751 | C28: 4.05 | D28: 4.3244 | E28: 5.2185 | F28: 5.6777 | G28: 6.0554 | H28: 6.3899 | J28: 6.8609 | K28: 7.0666 | L28: 7.0714 | M28: 6.9175 | N28: 6.4281
A29: 45790 | B29: 4.0751 | C29: 4.05 | D29: 4.3244 | E29: 5.2185 | F29: 5.6777 | G29: 6.0554 | H29: 6.3899 | J29: 6.8609 | K29: 7.0666 | L29: 7.0714 | M29: 6.9175 | N29: 6.4281
A30: 45791 | B30: 4.0701 | C30: 4.045 | D30: 4.29 | E30: 5.2159 | F30: 5.7056 | G30: 6.0814 | H30: 6.3734 | J30: 6.8943 | K30: 7.1048 | L30: 7.1025 | M30: 7 | N30: 6.5106
A31: 45792 | B31: 4.0701 | C31: 4.045 | D31: 4.29 | E31: 5.2159 | F31: 5.7056 | G31: 6.0814 | H31: 6.3734 | J31: 6.8943 | K31: 7.1048 | L31: 7.1025 | M31: 7 | N31: 6.5106
A32: 45793 | B32: 4.0651 | C32: 4.04 | D32: 4.29 | E32: 5.23 | F32: 5.7008 | G32: 6.1038 | H32: 6.3905 | J32: 6.9021 | K32: 7.1213 | L32: 7.1154 | M32: 7.03 | N32: 6.5406
A33: 45796 | B33: 4.0683 | C33: 4.0432 | D33: 4.27 | E33: 5.21 | F33: 5.7325 | G33: 6.1416 | H33: 6.428 | J33: 6.9406 | K33: 7.1716 | L33: 7.1714 | M33: 7.086 | N33: 6.5966
A34: 45797 | B34: 4.0681 | C34: 4.043 | D34: 4.253 | E34: 5.23 | F34: 5.7654 | G34: 6.1791 | H34: 6.4653 | J34: 6.9611 | K34: 7.2076 | L34: 7.2133 | M34: 7.1279 | N34: 6.6385
A35: 45798 | B35: 3.98 | C35: 4.0348 | D35: 4.2775 | E35: 5.2645 | F35: 5.8113 | G35: 6.2325 | H35: 6.5316 | J35: 7.0328 | K35: 7.2631 | L35: 7.2531 | M35: 7.12 | N35: 6.6306
... A42: 45807 | B42: 3.97 | C42: 3.98 | D42: 4.25 | E42: 5.2554 | F42: 5.7698 | G42: 6.1445 | H42: 6.4891 | J42: 7.0264 | K42: 7.2548 | L42: 7.254 | M42: 7.1608 | N42: 7.0174
A43: 45810
A44: 45811
A45: 45812 | B45: 4.0118 | C45: 3.96 | D45: 4.2386 | E45: 5.2319 | F45: 5.6996 | G45: 6.1218 | H45: 6.4679 | J45: 6.9964 | K45: 7.2453 | L45: 7.2169 | M45: 7.1237 | N45: 6.9803
A46: 45813 | B46: 3.8 | C46: 3.84 | D46: 4.151 | E46: 5.12 | F46: 5.6925 | G46: 6.1706 | H46: 6.5956 | J46: 7.0975 | K46: 7.2794 | L46: 7.2811 | M46: 7.1879 | N46: 7.0445
A47: 45814 | B47: 3.813 | C47: 3.853 | D47: 4.15 | E47: 5.175 | F47: 5.664 | G47: 6.1635 | H47: 6.6373 | I47: 6.8846 | J47: 7.1105 | K47: 7.2965 | L47: 7.3119 | M47: 7.2187 | N47: 7.0753
A48: 45817 | B48: 3.8023 | C48: 3.86 | D48: 4.155 | E48: 5.1725 | F48: 5.6533 | G48: 6.1442 | H48: 6.604 | I48: 6.8836 | J48: 7.0639 | K48: 7.3 | L48: 7.29 | M48: 7.1968 | N48: 7.0534
A49: 45818 | B49: 3.945 | C49: 3.9046 | D49: 4.1996 | E49: 5.177 | F49: 5.6473 | G49: 6.1307 | H49: 6.5808 | I49: 6.8929 | J49: 7.0939 | K49: 7.295 | L49: 7.3038 | M49: 7.08 | N49: 6.9366
A50: 45819 | B50: 3.9104 | C50: 3.87 | D50: 4.16 | E50: 5.1888 | F50: 5.6609 | G50: 6.1281 | H50: 6.5423 | I50: 6.8721 | J50: 7.0994 | K50: 7.2715 | L50: 7.2743 | M50: 7.0505 | N50: 6.9071
A51: 45820 | B51: 3.9012 | C51: 3.8608 | D51: 4.1508 | E51: 5.1796 | F51: 5.6145 | G51: 5.9882 | H51: 6.4047 | I51: 6.7543 | J51: 6.895 | K51: 7.0831 | L51: 7.1318 | M51: 6.908 | N51: 6.7646
A52: 45821 | B52: 3.9871 | C52: 3.9467 | D52: 4.2367 | E52: 5.2021 | F52: 5.6578 | G52: 6.0414 | H52: 6.3966 | I52: 6.7266 | J52: 6.8801 | K52: 7.0969 | L52: 7.0981 | M52: 6.8743 | N52: 6.7309
A53: 45824 | B53: 4.0161 | C53: 3.9757 | D53: 4.233 | E53: 5.23 | F53: 5.675 | G53: 6.0505 | H53: 6.397 | I53: 6.7183 | J53: 6.8878 | K53: 7.0901 | L53: 7.08 | M53: 6.8562 | N53: 6.7128
A54: 45825 | B54: 4.03 | C54: 4 | D54: 4.31 | E54: 5.23 | F54: 5.6831 | G54: 6.0361 | H54: 6.3956 | I54: 6.6658 | J54: 6.8733 | K54: 7.0405 | L54: 7.0426 | M54: 6.8188 | N54: 6.6754
A55: 45826 | B55: 4 | C55: 3.97 | D55: 4.355 | E55: 5.253 | F55: 5.7353 | G55: 6.0322 | H55: 6.3999 | I55: 6.6549 | J55: 6.891 | K55: 7.0545 | L55: 7.0687 | M55: 6.85 | N55: 6.8
A56: 45827 | B56: 3.9979 | C56: 3.9679 | D56: 4.3529 | E56: 5.27 | F56: 5.735 | G56: 6.0736 | H56: 6.3973 | I56: 6.6477 | J56: 6.881 | K56: 7.0706 | L56: 7.0638 | M56: 6.8451 | N56: 6.7951
A57: 45828 | B57: 3.98 | C57: 4.0008 | D57: 4.3985 | E57: 5.2965 | F57: 5.7426 | G57: 6.0673 | H57: 6.3647 | I57: 6.5881 | J57: 6.8595 | K57: 7.0237 | L57: 7.0247 | M57: 6.83 | N57: 6.82
A58: 45831 | B58: 3.9692 | C58: 3.99 | D58: 4.4317 | E58: 5.2925 | F58: 5.7381 | G58: 6.0803 | H58: 6.3516 | I58: 6.532 | J58: 6.8302 | K58: 6.9997 | L58: 6.9985 | M58: 6.868 | N58: 6.83
... A86: 45874 | B86: 3.8925 | C86: 3.98 | D86: 4.1823 | E86: 4.975 | F86: 5.35 | G86: 5.7503 | H86: 6.0505 | I86: 6.3369 | J86: 6.624 | K86: 6.7862 | L86: 6.7754 | M86: 6.74 | N86: 6.7388
A87: 45875
A88: 45876 | B88: 3.9002 | C88: 3.9877 | D88: 4.19 | E88: 4.982 | F88: 5.3232 | G88: 5.7218 | H88: 6.009 | I88: 6.2846 | J88: 6.5764 | K88: 6.7367 | L88: 6.7255 | M88: 6.6447 | N88: 6.6435
A89: 45877 | B89: 3.9002 | C89: 3.9877 | D89: 4.19 | E89: 4.9719 | F89: 5.339 | G89: 5.7157 | H89: 5.969 | I89: 6.2442 | J89: 6.5406 | K89: 6.7089 | L89: 6.6852 | M89: 6.65 | N89: 6.6032
A90: 45880 | B90: 4.025 | C90: 3.95 | D90: 4.21 | E90: 4.9756 | F90: 5.3314 | G90: 5.7052 | H90: 5.9614 | I90: 6.2292 | J90: 6.5375 | K90: 6.7028 | L90: 6.6953 | M90: 6.61 | N90: 6.5632
A91: 45881 | B91: 4.015 | C91: 3.94 | D91: 4.2 | E91: 4.9822 | F91: 5.3139 | G91: 5.6896 | H91: 5.969 | I91: 6.191 | J91: 6.4981 | K91: 6.7059 | L91: 6.6788 | M91: 6.5935 | N91: 6.5467
A92: 45882 | B92: 4.045 | C92: 3.97 | D92: 4.25 | E92: 4.9578 | F92: 5.2254 | G92: 5.8278 | H92: 5.911 | I92: 6.1168 | J92: 6.4372 | K92: 6.6195 | L92: 6.6224 | M92: 6.5897 | N92: 6.5429
A93: 45883 | B93: 4.0824 | C93: 4.0074 | D93: 4.29 | E93: 4.9639 | F93: 5.2375 | G93: 5.6254 | H93: 5.9518 | I93: 6.1723 | J93: 6.4623 | K93: 6.6778 | L93: 6.659 | M93: 6.5823 | N93: 6.65
A94: 45884 | B94: 4.1 | C94: 4.025 | D94: 4.3122 | E94: 4.9895 | F94: 5.2477 | G94: 5.641 | H94: 5.9581 | I94: 6.1767 | J94: 6.505 | K94: 6.6877 | L94: 6.6756 | M94: 6.58 | N94: 6.6666
A95: 45887 | B95: 4.0824 | C95: 4.0074 | D95: 4.29 | E95: 4.9639 | F95: 5.2375 | G95: 5.6254 | H95: 5.9518 | I95: 6.1723 | J95: 6.4623 | K95: 6.6778 | L95: 6.659 | M95: 6.5823 | N95: 6.65
A96: 45888 | B96: 4.0657 | C96: 4.07 | D96: 4.364 | E96: 5.0471 | F96: 5.2963 | G96: 5.7095 | H96: 6.0061 | I96: 6.2705 | J96: 6.5731 | K96: 6.7781 | L96: 6.7446 | M96: 6.6407 | N96: 6.7273
A97: 45889 | B97: 4.1 | C97: 4.07 | D97: 4.374 | E97: 5.0929 | F97: 5.3523 | G97: 5.747 | H97: 6.0468 | I97: 6.303 | J97: 6.6155 | K97: 6.7959 | L97: 6.7778 | M97: 6.655 | N97: 6.7416
A98: 45890 | B98: 4.1167 | C98: 4.13 | D98: 4.36 | E98: 5.09 | F98: 5.36 | G98: 5.7602 | H98: 6.099 | I98: 6.3252 | J98: 6.6485 | K98: 6.8414 | L98: 6.8308 | M98: 6.708 | N98: 6.7946
A99: 45891 | B99: 4.09 | C99: 4.06 | D99: 4.34 | E99: 5.03 | F99: 5.29 | G99: 5.68 | H99: 6.01 | I99: 6.24 | J99: 6.58 | K99: 6.75 | L99: 6.76 | M99: 6.575 | N99: 6.6979
... A131: 45937 | B131: 4.118 | C131: 4.25 | D131: 4.365 | E131: 4.8926 | F131: 5.1271 | G131: 5.4863 | H131: 5.8806 | I131: 6.1225 | J131: 6.4346 | K131: 6.6441 | L131: 6.62 | M131: 6.53 | N131: 6.5921
A132: 45938
A133: 45939 | B133: 4.118 | C133: 4.25 | D133: 4.4 | E133: 4.934 | F133: 5.1373 | G133: 5.5183 | H133: 5.922 | I133: 6.1723 | J133: 6.4786 | K133: 6.6798 | L133: 6.6575 | M133: 6.5675 | N133: 6.6296
A134: 45940 | B134: 4.138 | C134: 4.27 | D134: 4.3966 | E134: 4.9223 | F134: 5.1609 | G134: 5.5473 | H134: 5.9747 | I134: 6.2254 | J134: 6.5261 | K134: 6.7283 | L134: 6.7026 | M134: 6.6126 | N134: 6.6747
A135: 45943 | B135: 4.03 | C135: 4.28 | D135: 4.38 | E135: 4.9184 | F135: 5.17 | G135: 5.5514 | H135: 5.972 | I135: 6.234 | J135: 6.5135 | K135: 6.7119 | L135: 6.6891 | M135: 6.5991 | N135: 6.6612
A136: 45944 | B136: 4.025 | C136: 4.275 | D136: 4.35 | E136: 4.92 | F136: 5.1468 | G136: 5.5542 | H136: 5.9738 | I136: 6.2078 | J136: 6.4968 | K136: 6.8922 | L136: 6.6801 | M136: 6.5901 | N136: 6.6522
A137: 45945 | B137: 4.005 | C137: 4.255 | D137: 4.33 | E137: 4.9074 | F137: 5.1 | G137: 5.5085 | H137: 5.9247 | I137: 6.1723 | J137: 6.4733 | K137: 6.6693 | L137: 6.6652 | M137: 6.55 | N137: 6.6121
A138: 45946 | B138: 3.98 | C138: 4.23 | D138: 4.33 | E138: 4.8945 | F138: 5.0686 | G138: 5.49 | H138: 5.8836 | I138: 6.155 | J138: 6.4783 | K138: 6.6836 | L138: 6.6717 | M138: 6.5565 | N138: 6.6186
A139: 45947 | B139: 3.9569 | C139: 4.215 | D139: 4.325 | E139: 4.8714 | F139: 5.064 | G139: 5.4487 | H139: 5.8719 | I139: 6.1355 | J139: 6.4883 | K139: 6.6743 | L139: 6.6663 | M139: 6.5511 | N139: 6.6132
A140: 45950 | B140: 4.0979 | C140: 4.24 | D140: 4.348 | E140: 4.8793 | F140: 5.0455 | G140: 5.3936 | H140: 5.8071 | I140: 6.0979 | J140: 6.4574 | K140: 6.6504 | L140: 6.6532 | M140: 6.538 | N140: 6.6001
A141: 45951 | B141: 4.055 | C141: 4.2365 | D141: 4.315 | E141: 4.8843 | F141: 5.0501 | G141: 5.3868 | H141: 5.8104 | I141: 6.0764 | J141: 6.4182 | K141: 6.6171 | L141: 6.6236 | M141: 6.5 | N141: 6.5621
A142: 45952 | B142: 4.08 | C142: 4.23 | D142: 4.325 | E142: 4.904 | F142: 5.074 | G142: 5.4131 | H142: 5.85 | I142: 6.1114 | J142: 6.4574 | K142: 6.6334 | L142: 6.6298 | M142: 6.53 | N142: 6.5683
A143: 45953 | B143: 4.0714 | C143: 4.225 | D143: 4.33 | E143: 4.8954 | F143: 5.0569 | G143: 5.4145 | H143: 5.8353 | I143: 6.0878 | J143: 6.4654 | K143: 6.6345 | L143: 6.6261 | M143: 6.5263 | N143: 6.5646
A144: 45954 | B144: 4.0875 | C144: 4.22 | D144: 4.32 | E144: 4.9115 | F144: 5.0491 | G144: 5.4084 | H144: 5.7943 | I144: 6.0564 | J144: 6.432 | K144: 6.6048 | L144: 6.6969 | M144: 6.5411 | N144: 6.548
... A331: 46230 | B331: 3.4318 | C331: 3.2344 | D331: 3.3716 | E331: 3.6262 | F331: 4.418 | G331: 5.185 | H331: 5.7133 | I331: 6.04 | J331: 6.5489 | K331: 6.7351 | L331: 6.7496 | M331: 6.6079 | N331: 6.9188
A332: 46232
A333: 46233 | B333: 3.4673 | C333: 3.2699 | D333: 3.4071 | E333: 3.7309 | F333: 4.4611 | G333: 5.1756 | H333: 5.7279 | I333: 6.0387 | J333: 6.5229 | K333: 6.7056 | L333: 6.7296 | M333: 6.5879 | N333: 6.8988
A334: 46234 | B334: 3.4864 | C334: 3.289 | D334: 3.4262 | E334: 3.75 | F334: 4.5228 | G334: 5.2287 | H334: 5.7924 | I334: 6.0822 | J334: 6.5868 | K334: 6.7548 | L334: 6.7738 | M334: 6.6321 | N334: 6.943
A335: 46237 | B335: 3.4936 | C335: 3.2962 | D335: 3.4334 | E335: 3.7572 | F335: 4.53 | G335: 5.2453 | H335: 5.8008 | I335: 6.1338 | J335: 6.6025 | K335: 6.7671 | L335: 6.7823 | M335: 6.5 | N335: 6.8109
A336: 46238 | B336: 3.5102 | C336: 3.3128 | D336: 3.45 | E336: 3.7625 | F336: 4.65 | G336: 5.3191 | H336: 5.855 | I336: 6.174 | J336: 6.6056 | K336: 6.7796 | L336: 6.8127 | M336: 6.5304 | N336: 6.8413
A337: 46239 | B337: 3.5477 | C337: 3.3503 | D337: 3.4875 | E337: 3.8 | F337: 4.7029 | G337: 5.34 | H337: 5.87 | I337: 6.1893 | J337: 6.6213 | K337: 6.8067 | L337: 6.8171 | M337: 6.5348 | N337: 6.8457
A338: 46241 | B338: 3.5556 | C338: 3.3582 | D338: 3.4954 | E338: 3.8079 | F338: 4.7108 | G338: 5.3129 | H338: 5.8602 | I338: 6.1713 | J338: 6.6144 | K338: 6.7706 | L338: 6.8019 | M338: 6.5196 | N338: 6.8305
A339: 46244 | B339: 3.5942 | C339: 3.3968 | D339: 3.534 | E339: 3.9077 | F339: 4.7519 | G339: 5.3244 | H339: 5.8227 | I339: 6.1367 | J339: 6.5747 | K339: 6.7451 | L339: 6.7652 | M339: 6.4829 | N339: 6.7938
A340: 46245 | B340: 3.5102 | C340: 3.3128 | D340: 3.45 | E340: 3.855 | F340: 4.7534 | G340: 5.35 | H340: 5.8274 | I340: 6.131 | J340: 6.5684 | K340: 6.7496 | L340: 6.75 | M340: 6.4874 | N340: 6.7983
A341: 46246 | B341: 3.5102 | C341: 3.3128 | D341: 3.45 | E341: 3.88 | F341: 4.7977 | G341: 5.3297 | H341: 5.7953 | I341: 6.0978 | J341: 6.5548 | K341: 6.7298 | L341: 6.7446 | M341: 6.482 | N341: 6.7929
A342: 46247 | C342: 3.2728 | D342: 3.41 | E342: 3.84 | F342: 4.755 | G342: 5.3304 | H342: 5.7785 | I342: 6.0645 | J342: 6.5433 | K342: 6.7273 | L342: 6.7307 | M342: 6.4681 | N342: 6.779
A343: 46248 | C343: 3.2978 | D343: 3.435 | E343: 3.865 | F343: 4.7686 | G343: 5.306 | H343: 5.7794 | I343: 6.0832 | J343: 6.5412 | K343: 6.7311 | L343: 6.75 | M343: 6.4874 | N343: 6.7983
A344: 46251 | C344: 3.3085 | D344: 3.4457 | E344: 3.855 | F344: 4.76 | G344: 5.3167 | H344: 5.7814 | I344: 6.0658 | J344: 6.5453 | K344: 6.7455 | L344: 6.7516 | M344: 6.489 | N344: 6.7999
A345: 46252 | C345: 3.3707 | D345: 3.5079 | E345: 3.9172 | F345: 4.7929 | G345: 5.3414 | H345: 5.8353 | I345: 6.1477 | J345: 6.5652 | K345: 6.7905 | L345: 6.7959 | M345: 6.5333 | N345: 6.8442
A346: 46253 | C346: 3.3128 | D346: 3.45 | E346: 3.88 | F346: 4.77 | G346: 5.3873 | H346: 5.8708 | I346: 6.1783 | J346: 6.5936 | K346: 6.7984 | L346: 6.79 | M346: 6.5412 | N346: 6.8521
A347: 46254 | C347: 3.2928 | D347: 3.43 | E347: 3.87 | F347: 4.75 | G347: 5.4081 | H347: 5.93 | I347: 6.2408 | J347: 6.6667 | K347: 6.8489 | L347: 6.8719 | M347: 6.6231 | N347: 6.934
A348: 46255 | C348: 3.3321 | D348: 3.4693 | E348: 3.9093 | F348: 4.7893 | G348: 5.4535 | H348: 5.949 | I348: 6.2772 | J348: 6.6991 | K348: 6.8807 | L348: 6.88 | M348: 6.6312 | N348: 6.9421
A349: 46258 | C349: 3.3153 | D349: 3.4525 | E349: 3.8925 | F349: 4.745 | G349: 5.4367 | H349: 5.9252 | I349: 6.2394 | J349: 6.6568 | K349: 6.85 | L349: 6.86 | M349: 6.6005 | N349: 6.9114
A350: 46259 | C350: 3.2428 | D350: 3.38 | E350: 3.82 | F350: 4.72 | G350: 5.4256 | H350: 5.9147 | I350: 6.2274 | J350: 6.6436 | K350: 6.8143 | L350: 6.8161 | M350: 6.5566 | N350: 6.8675
A351: 46260 | C351: 3.2528 | D351: 3.39 | E351: 3.83 | F351: 4.7 | G351: 5.42 | H351: 5.9164 | I351: 6.2326 | J351: 6.656 | K351: 6.806 | L351: 6.8175 | M351: 6.558 | N351: 6.8689
A352: 46261 | C352: 3.3628 | D352: 3.5 | E352: 3.8726 | F352: 4.715 | G352: 5.4087 | H352: 5.9266 | I352: 6.26 | J352: 6.6642 | K352: 6.8233 | L352: 6.8303 | M352: 6.5708 | N352: 6.8817
A353: 46262 | C353: 3.3128 | D353: 3.45 | E353: 3.84 | F353: 4.7 | G353: 5.4177 | H353: 5.9209 | I353: 6.262 | J353: 6.6553 | K353: 6.8246 | L353: 6.8218 | M353: 6.5623 | N353: 6.8732
... A365: 46280 | C365: 3.716 | D365: 3.74 | E365: 4.069 | F365: 5.02 | G365: 5.695 | H365: 6.178 | I365: 6.592 | J365: 6.942 | K365: 7.054 | L365: 7.047 | M365: 6.75 | N365: 6.772
A366: 46281 | D366: 3.775 | E366: 4.1 | F366: 5.206 | G366: 5.744 | H366: 6.22 | I366: 6.572 | J366: 6.92 | K366: 7.01 | L366: 7.006 | M366: 6.826 | N366: 6.664
A367: 46282 | D367: 3.81 | E367: 4.281 | F367: 5.374 | G367: 5.764 | H367: 6.22 | I367: 6.539 | J367: 6.845 | K367: 6.94 | L367: 6.948 | M367: 6.786 | N367: 6.736
A368: 46283 | D368: 4.045 | E368: 4.507 | F368: 5.4 | G368: 5.883 | H368: 6.25 | I368: 6.616 | J368: 6.866 | K368: 6.98 | L368: 6.971 | M368: 6.715 | N368: 6.667
...

Sheet Peso Benchmark
A1: Fecha | B1: SB12AGO37 | C1: SB12AGO31 | D1: SB12FEB42 | E1: SB12FEB55 | F1: SB12AGO32 | G1: SB12FEB29 | H1: SB12AGO34 | I1: SB12AGO40 | J1: SB12AGO33 | K1: SB12AGO39 | L1: SB12AGO35 | M1: Cash | N1: SB12AGO26 | O1: SB12AGO28
A2: 45908 | B2: 0.1214 | C2: 0.1262 | D2: 0.0314 | E2: 0.0201 | F2: 0.1283 | G2: 0.0843 | H2: 0.1032 | I2: 0.0581 | J2: 0.1137 | K2: 0.1021 | L2: 0.0646 | M2: 0 | O2: 0.0467
A3: 45909 | B3: 0.1217 | C3: 0.1261 | D3: 0.0314 | E3: 0.0201 | F3: 0.1281 | G3: 0.0841 | H3: 0.1033 | I3: 0.0582 | J3: 0.1135 | K3: 0.102 | L3: 0.0649 | M3: 0 | O3: 0.0466
A4: 45910 | B4: 0.1221 | C4: 0.1259 | D4: 0.0315 | E4: 0.0202 | F4: 0.1279 | G4: 0.0839 | H4: 0.1033 | I4: 0.0584 | J4: 0.1132 | K4: 0.1024 | L4: 0.0646 | M4: 0 | O4: 0.0465
A5: 45911 | B5: 0.1221 | C5: 0.1258 | D5: 0.0315 | E5: 0.0202 | F5: 0.1278 | G5: 0.0838 | H5: 0.1033 | I5: 0.0584 | J5: 0.1135 | K5: 0.1024 | L5: 0.0647 | M5: 0 | O5: 0.0464
A6: 45912 | B6: 0.1219 | C6: 0.1259 | D6: 0.0315 | E6: 0.0202 | F6: 0.13 | G6: 0.0838 | H6: 0.1033 | I6: 0.0584 | J6: 0.1135 | K6: 0.1024 | L6: 0.065 | M6: 0 | O6: 0.0464
A7: 45915 | B7: 0.1222 | C7: 0.1257 | D7: 0.0315 | E7: 0.0203 | F7: 0.1276 | G7: 0.086 | H7: 0.1034 | I7: 0.0587 | J7: 0.1134 | K7: 0.1027 | L7: 0.0647 | M7: 0 | O7: 0.0463
A8: 45916
A9: 45917 | B9: 0.1221 | C9: 0.126 | D9: 0.0315 | E9: 0.0202 | F9: 0.1278 | G9: 0.0838 | H9: 0.1031 | I9: 0.0586 | J9: 0.1135 | K9: 0.1025 | L9: 0.0645 | M9: 0 | O9: 0.0464
A10: 45918 | B10: 0.1216 | C10: 0.1266 | D10: 0.0314 | E10: 0.0201 | F10: 0.1286 | G10: 0.0842 | H10: 0.1031 | I10: 0.058 | J10: 0.1135 | K10: 0.1018 | L10: 0.0645 | M10: 0 | O10: 0.0466
A11: 45919 | B11: 0.1214 | C11: 0.1267 | D11: 0.0314 | E11: 0.0201 | F11: 0.1285 | G11: 0.0842 | H11: 0.103 | I11: 0.0579 | J11: 0.1136 | K11: 0.1017 | L11: 0.0647 | M11: 0 | O11: 0.0467
A12: 45922 | B12: 0.1216 | C12: 0.1266 | D12: 0.0313 | E12: 0.0201 | F12: 0.1284 | G12: 0.0841 | H12: 0.1031 | I12: 0.058 | J12: 0.1139 | K12: 0.1018 | L12: 0.0646 | M12: 0 | O12: 0.0466
A13: 45923 | B13: 0.1217 | C13: 0.1265 | D13: 0.0312 | E13: 0.0201 | F13: 0.1283 | G13: 0.0841 | H13: 0.1031 | I13: 0.058 | J13: 0.1139 | K13: 0.1018 | L13: 0.0646 | M13: 0 | O13: 0.0466
A14: 45924 | B14: 0.1217 | C14: 0.1264 | D14: 0.0313 | E14: 0.0201 | F14: 0.1282 | G14: 0.084 | H14: 0.1035 | I14: 0.0581 | J14: 0.1138 | K14: 0.1019 | L14: 0.0646 | M14: 0 | O14: 0.0465
A15: 45925 | B15: 0.1218 | C15: 0.1264 | D15: 0.0313 | E15: 0.0201 | F15: 0.1283 | G15: 0.084 | H15: 0.1031 | I15: 0.0581 | J15: 0.1139 | K15: 0.1019 | L15: 0.0646 | M15: 0 | O15: 0.0465
A16: 45926 | B16: 0.1219 | C16: 0.1263 | D16: 0.0313 | E16: 0.0201 | F16: 0.1282 | G16: 0.0841 | H16: 0.103 | I16: 0.0581 | J16: 0.1138 | K16: 0.102 | L16: 0.0645 | M16: 0 | O16: 0.0465
A17: 45929 | B17: 0.122 | C17: 0.1263 | D17: 0.0313 | E17: 0.0201 | F17: 0.1282 | G17: 0.084 | H17: 0.1031 | I17: 0.0581 | J17: 0.1138 | K17: 0.1019 | L17: 0.0646 | M17: 0 | O17: 0.0465
A18: 45930 | B18: 0.1221 | C18: 0.1262 | D18: 0.0313 | E18: 0.02 | F18: 0.1282 | G18: 0.0839 | H18: 0.1031 | I18: 0.0581 | J18: 0.1138 | K18: 0.102 | L18: 0.0647 | M18: 0 | O18: 0.0464
A19: 45931 | B19: 0.1223 | C19: 0.1261 | D19: 0.0313 | E19: 0.0201 | F19: 0.128 | G19: 0.0838 | H19: 0.1035 | I19: 0.0581 | J19: 0.1137 | K19: 0.102 | L19: 0.0648 | M19: 0 | O19: 0.0463
A20: 45932 | B20: 0.1224 | C20: 0.126 | D20: 0.0314 | E20: 0.0201 | F20: 0.1279 | G20: 0.0837 | H20: 0.1031 | I20: 0.0582 | J20: 0.1137 | K20: 0.1024 | L20: 0.0648 | M20: 0 | O20: 0.0463
... A23: 45937 | B23: 0.1223 | C23: 0.1256 | D23: 0.0316 | E23: 0.0202 | F23: 0.1277 | G23: 0.0836 | H23: 0.1031 | I23: 0.0586 | J23: 0.1137 | K23: 0.1027 | L23: 0.0646 | M23: 0 | O23: 0.0462
A24: 45938
A25: 45939 | B25: 0.1221 | C25: 0.1255 | D25: 0.0316 | E25: 0.0203 | F25: 0.1278 | G25: 0.0837 | H25: 0.103 | I25: 0.0586 | J25: 0.1138 | K25: 0.1026 | L25: 0.0646 | M25: 0 | O25: 0.0463
A26: 45940 | B26: 0.1219 | C26: 0.1256 | D26: 0.0316 | E26: 0.0203 | F26: 0.1279 | G26: 0.0838 | H26: 0.1031 | I26: 0.0585 | J26: 0.1139 | K26: 0.1025 | L26: 0.0645 | M26: 0 | O26: 0.0463
A27: 45943 | B27: 0.12 | C27: 0.1258 | D27: 0.0316 | E27: 0.0203 | F27: 0.1281 | G27: 0.0839 | H27: 0.103 | I27: 0.0585 | J27: 0.1138 | K27: 0.1025 | L27: 0.0644 | M27: 0 | O27: 0.0464
A28: 45944 | B28: 0.1217 | C28: 0.1258 | D28: 0.0316 | E28: 0.0203 | F28: 0.1281 | G28: 0.0839 | H28: 0.103 | I28: 0.0585 | J28: 0.1138 | K28: 0.1025 | L28: 0.0644 | M28: 0 | O28: 0.0464
A29: 45945 | B29: 0.1218 | C29: 0.126 | D29: 0.0315 | E29: 0.0201 | F29: 0.1282 | G29: 0.0841 | H29: 0.103 | I29: 0.0582 | J29: 0.114 | K29: 0.1021 | L29: 0.0646 | M29: 0 | O29: 0.0464
A30: 45946 | B30: 0.1218 | C30: 0.126 | D30: 0.0315 | E30: 0.0201 | F30: 0.1282 | G30: 0.0841 | H30: 0.103 | I30: 0.0582 | J30: 0.1139 | K30: 0.1022 | L30: 0.0647 | M30: 0 | O30: 0.0464
A31: 45947 | B31: 0.1218 | C31: 0.1259 | D31: 0.0315 | E31: 0.0201 | F31: 0.1282 | G31: 0.084 | H31: 0.1031 | I31: 0.0582 | J31: 0.1139 | K31: 0.1021 | L31: 0.0647 | M31: 0 | O31: 0.0464
A32: 45950 | B32: 0.1217 | C32: 0.1259 | D32: 0.0315 | E32: 0.0201 | F32: 0.1282 | G32: 0.084 | H32: 0.1032 | I32: 0.0582 | J32: 0.1139 | K32: 0.1021 | L32: 0.0648 | M32: 0 | O32: 0.0464
A33: 45951 | B33: 0.1218 | C33: 0.1258 | D33: 0.0314 | E33: 0.0201 | F33: 0.1281 | G33: 0.0839 | H33: 0.1035 | I33: 0.0581 | J33: 0.1141 | K33: 0.102 | L33: 0.0649 | M33: 0 | O33: 0.0463
A34: 45952 | B34: 0.1218 | C34: 0.1257 | D34: 0.0315 | E34: 0.0202 | F34: 0.1281 | G34: 0.0838 | H34: 0.1035 | I34: 0.0581 | J34: 0.1143 | K34: 0.102 | L34: 0.0649 | M34: 0 | O34: 0.0462
A35: 45953 | B35: 0.1217 | C35: 0.1256 | D35: 0.0315 | E35: 0.0202 | F35: 0.1281 | G35: 0.0838 | H35: 0.1035 | I35: 0.0581 | J35: 0.1145 | K35: 0.1021 | L35: 0.0648 | M35: 0 | O35: 0.0462
A36: 45954 | B36: 0.1217 | C36: 0.1255 | D36: 0.0315 | E36: 0.0202 | F36: 0.1281 | G36: 0.0838 | H36: 0.1035 | I36: 0.0582 | J36: 0.1143 | K36: 0.1022 | L36: 0.0648 | M36: 0 | O36: 0.0462
... A88: 46034 | B88: 0.1215 | C88: 0.1252 | D88: 0.0318 | E88: 0.0206 | F88: 0.1288 | G88: 0.0828 | H88: 0.1045 | I88: 0.0578 | J88: 0.1149 | K88: 0.1016 | L88: 0.0649 | M88: 0 | O88: 0.0456
A89: 46035 | B89: 0.1248 | C89: 0.0866 | D89: 0.0289 | E89: 0.0206 | F89: 0.1273 | G89: 0.0449 | H89: 0.1287 | I89: 0.0607 | J89: 0.1466 | K89: 0.1004 | L89: 0.1306
A90: 46036 | B90: 0.1213 | C90: 0.1253 | D90: 0.0319 | E90: 0.0207 | F90: 0.1288 | G90: 0.0829 | H90: 0.1045 | I90: 0.0576 | J90: 0.1149 | K90: 0.1014 | L90: 0.0649 | M90: 0 | O90: 0.0457
A91: 46037 | B91: 0.1213 | C91: 0.1253 | D91: 0.0319 | E91: 0.0207 | F91: 0.1288 | G91: 0.083 | H91: 0.1044 | I91: 0.0576 | J91: 0.1149 | K91: 0.1014 | L91: 0.0649 | M91: 0 | O91: 0.0457
A92: 46038 | B92: 0.1216 | C92: 0.1254 | D92: 0.0319 | E92: 0.0207 | F92: 0.1288 | G92: 0.083 | H92: 0.1041 | I92: 0.0578 | J92: 0.1147 | K92: 0.1015 | L92: 0.0649 | M92: 0 | O92: 0.0457
A93: 46041 | B93: 0.1217 | C93: 0.1253 | D93: 0.0319 | E93: 0.0207 | F93: 0.1287 | G93: 0.083 | H93: 0.1041 | I93: 0.0578 | J93: 0.1146 | K93: 0.1017 | L93: 0.0648 | M93: 0 | O93: 0.0457
A94: 46042 | B94: 0.1217 | C94: 0.1253 | D94: 0.0319 | E94: 0.0207 | F94: 0.1287 | G94: 0.083 | H94: 0.1041 | I94: 0.0578 | J94: 0.1146 | K94: 0.1017 | L94: 0.0648 | M94: 0 | O94: 0.0457
A95: 46043 | B95: 0.1217 | C95: 0.1254 | D95: 0.0319 | E95: 0.0206 | F95: 0.1287 | G95: 0.0831 | H95: 0.1039 | I95: 0.0578 | J95: 0.1145 | K95: 0.1017 | L95: 0.065 | M95: 0 | O95: 0.0458
A96: 46044 | B96: 0.1215 | C96: 0.1254 | D96: 0.0319 | E96: 0.0207 | F96: 0.1287 | G96: 0.083 | H96: 0.104 | I96: 0.0578 | J96: 0.1146 | K96: 0.1015 | L96: 0.0652 | M96: 0 | O96: 0.0458
A97: 46045 | B97: 0.1214 | C97: 0.1253 | D97: 0.0319 | E97: 0.0207 | F97: 0.1286 | G97: 0.0829 | H97: 0.1042 | I97: 0.0578 | J97: 0.1149 | K97: 0.1016 | L97: 0.0651 | M97: 0 | O97: 0.0457
A98: 46048 | B98: 0.1213 | C98: 0.1253 | D98: 0.0321 | E98: 0.0209 | F98: 0.1284 | G98: 0.0828 | H98: 0.1043 | I98: 0.0578 | J98: 0.115 | K98: 0.1015 | L98: 0.065 | M98: 0 | O98: 0.0456
A99: 46049 | B99: 0.1213 | C99: 0.1253 | D99: 0.0321 | E99: 0.0209 | F99: 0.1285 | G99: 0.0828 | H99: 0.1043 | I99: 0.0578 | J99: 0.1149 | K99: 0.1015 | L99: 0.065 | M99: 0 | O99: 0.0456
A100: 46050 | B100: 0.1241 | C100: 0.0865 | D100: 0.0285 | E100: 0.0202 | F100: 0.1267 | G100: 0.0448 | H100: 0.128 | I100: 0.0607 | J100: 0.147 | K100: 0.1037 | L100: 0.1297 | M100: 0
A101: 46051 | B101: 0.1212 | C101: 0.1254 | D101: 0.032 | E101: 0.0208 | F101: 0.1287 | G101: 0.0826 | H101: 0.1043 | I101: 0.0579 | J101: 0.1149 | K101: 0.1015 | L101: 0.0651 | M101: 0 | O101: 0.0456
A102: 46052 | B102: 0.1211 | C102: 0.1254 | D102: 0.032 | E102: 0.0208 | F102: 0.1287 | G102: 0.0826 | H102: 0.1044 | I102: 0.058 | J102: 0.115 | K102: 0.1015 | L102: 0.0652 | M102: 0 | O102: 0.0455
A103: 46055 | B103: 0.1211 | C103: 0.1254 | D103: 0.032 | E103: 0.0208 | F103: 0.1287 | G103: 0.0826 | H103: 0.1044 | I103: 0.058 | J103: 0.115 | K103: 0.1015 | L103: 0.0652 | M103: 0 | O103: 0.0455
A104: 46056 | B104: 0.124 | C104: 0.0865 | D104: 0.0284 | E104: 0.0202 | F104: 0.127 | G104: 0.0446 | H104: 0.128 | I104: 0.0608 | J104: 0.1471 | K104: 0.1036 | L104: 0.1298 | M104: 0
A105: 46057 | B105: 0.1243 | C105: 0.0866 | D105: 0.0285 | E105: 0.0202 | F105: 0.127 | G105: 0.0445 | H105: 0.1281 | I105: 0.0609 | J105: 0.1471 | K105: 0.1035 | L105: 0.1293 | M105: 0
A106: 46058 | B106: 0.1243 | C106: 0.0866 | D106: 0.0285 | E106: 0.0201 | F106: 0.127 | G106: 0.0445 | H106: 0.1281 | I106: 0.0609 | J106: 0.1471 | K106: 0.1035 | L106: 0.1293 | M106: 0
A107: 46059 | B107: 0.1244 | C107: 0.0866 | D107: 0.0286 | E107: 0.0202 | F107: 0.1267 | G107: 0.0445 | H107: 0.1281 | I107: 0.0609 | J107: 0.1469 | K107: 0.1037 | L107: 0.1295 | M107: 0
A108: 46062 | B108: 0.1244 | C108: 0.0866 | D108: 0.0285 | E108: 0.0202 | F108: 0.1267 | G108: 0.0445 | H108: 0.1281 | I108: 0.0609 | J108: 0.1469 | K108: 0.1037 | L108: 0.1296 | M108: 0
A109: 46063 | B109: 0.1244 | C109: 0.0866 | D109: 0.0285 | E109: 0.0201 | F109: 0.1268 | G109: 0.0446 | H109: 0.1281 | I109: 0.0609 | J109: 0.1469 | K109: 0.1037 | L109: 0.1294 | M109: 0
A110: 46064 | B110: 0.1243 | C110: 0.0867 | D110: 0.0286 | E110: 0.0202 | F110: 0.1269 | G110: 0.0446 | H110: 0.128 | I110: 0.0609 | J110: 0.1468 | K110: 0.1038 | L110: 0.1294 | M110: 0
A111: 46065 | B111: 0.1243 | C111: 0.0866 | D111: 0.0286 | E111: 0.0202 | F111: 0.127 | G111: 0.0446 | H111: 0.128 | I111: 0.0609 | J111: 0.1469 | K111: 0.1037 | L111: 0.1294 | M111: 0
A112: 46066 | B112: 0.1204 | C112: 0.0841 | D112: 0.0277 | E112: 0.0196 | F112: 0.1235 | G112: 0.0434 | H112: 0.1245 | I112: 0.0591 | J112: 0.1423 | K112: 0.1003 | L112: 0.124 | M112: 0.0314
A113: 46069 | B113: 0.1203 | C113: 0.0841 | D113: 0.0277 | E113: 0.0196 | F113: 0.1234 | G113: 0.0434 | H113: 0.1244 | I113: 0.0591 | J113: 0.1424 | K113: 0.1002 | L113: 0.1241 | M113: 0.0314
A114: 46070 | B114: 0.1203 | C114: 0.0841 | D114: 0.0277 | E114: 0.0196 | F114: 0.1234 | G114: 0.0434 | H114: 0.1244 | I114: 0.0591 | J114: 0.1424 | K114: 0.1002 | L114: 0.1241 | M114: 0.0314
A115: 46071 | B115: 0.1203 | C115: 0.084 | D115: 0.0277 | E115: 0.0195 | F115: 0.1234 | G115: 0.0434 | H115: 0.1245 | I115: 0.0591 | J115: 0.1424 | K115: 0.1002 | L115: 0.1243 | M115: 0.0313
... A134: 46098 | B134: 0.1245 | C134: 0.0863 | D134: 0.0283 | E134: 0.0198 | F134: 0.1268 | G134: 0.0452 | H134: 0.1277 | I134: 0.0599 | J134: 0.1461 | K134: 0.106 | L134: 0.1293 | M134: 0
A135: 46099
A136: 46100
A137: 46101
A138: 46104
A139: 46105
A140: 46106
A141: 46107
A142: 46108
A143: 46111
A144: 46112
A145: 46113
A146: 46118
A147: 46119
A148: 46120 | B148: 0.1254 | C148: 0.0866 | D148: 0.0281 | E148: 0.0197 | F148: 0.1264 | G148: 0.046 | H148: 0.1265 | I148: 0.0593 | J148: 0.1456 | K148: 0.1067 | L148: 0.1298 | M148: 0
A149: 46121 | B149: 0.1257 | C149: 0.0865 | D149: 0.0281 | E149: 0.0195 | F149: 0.1265 | G149: 0.0458 | H149: 0.1267 | I149: 0.0593 | J149: 0.1456 | K149: 0.1069 | L149: 0.1295 | M149: 0
A150: 46122 | B150: 0.1256 | C150: 0.0861 | D150: 0.028 | E150: 0.0194 | F150: 0.126 | G150: 0.0455 | H150: 0.1267 | I150: 0.0596 | J150: 0.1452 | K150: 0.1066 | L150: 0.1313 | M150: 0
A151: 46125 | B151: 0.1254 | C151: 0.0862 | D151: 0.0278 | E151: 0.0195 | F151: 0.1259 | G151: 0.0454 | H151: 0.1267 | I151: 0.0598 | J151: 0.1453 | K151: 0.1064 | L151: 0.1317 | M151: 0
A152: 46126 | B152: 0.1258 | C152: 0.0858 | D152: 0.0282 | E152: 0.0198 | F152: 0.1254 | G152: 0.0452 | H152: 0.1263 | I152: 0.0598 | J152: 0.1451 | K152: 0.1065 | L152: 0.1323 | M152: 0
A153: 46127 | B153: 0.1259 | C153: 0.086 | D153: 0.0282 | E153: 0.0198 | F153: 0.1256 | G153: 0.0453 | H153: 0.1268 | I153: 0.0595 | J153: 0.1451 | K153: 0.1062 | L153: 0.1315 | M153: 0
A154: 46128 | B154: 0.1259 | C154: 0.0861 | D154: 0.0283 | E154: 0.0197 | F154: 0.1258 | G154: 0.0454 | H154: 0.1274 | I154: 0.0594 | J154: 0.1455 | K154: 0.1059 | L154: 0.1306 | M154: 0
A155: 46129 | B155: 0.1262 | C155: 0.0859 | D155: 0.0282 | E155: 0.0198 | F155: 0.1257 | G155: 0.0453 | H155: 0.1273 | I155: 0.0594 | J155: 0.1453 | K155: 0.106 | L155: 0.1308 | M155: 0
A156: 46132 | B156: 0.1267 | C156: 0.0859 | D156: 0.0281 | E156: 0.0197 | F156: 0.1254 | G156: 0.045 | H156: 0.1274 | I156: 0.0599 | J156: 0.1456 | K156: 0.1059 | L156: 0.1303 | M156: 0
A157: 46133 | B157: 0.1265 | C157: 0.0856 | D157: 0.028 | E157: 0.0196 | F157: 0.1251 | G157: 0.0448 | H157: 0.1276 | I157: 0.0598 | J157: 0.1452 | K157: 0.1062 | L157: 0.1316 | M157: 0
A158: 46134 | B158: 0.1267 | C158: 0.0856 | D158: 0.028 | E158: 0.0195 | F158: 0.125 | G158: 0.0448 | H158: 0.1274 | I158: 0.06 | J158: 0.1452 | K158: 0.1062 | L158: 0.1315 | M158: 0
A159: 46135 | B159: 0.1267 | C159: 0.0857 | D159: 0.028 | E159: 0.0196 | F159: 0.125 | G159: 0.0449 | H159: 0.1274 | I159: 0.06 | J159: 0.1452 | K159: 0.1062 | L159: 0.1313 | M159: 0
... A223: 46230 | B223: 0.1272 | C223: 0.0883 | D223: 0.0274 | E223: 0.0191 | F223: 0.1266 | G223: 0.0448 | H223: 0.1256 | I223: 0.0594 | J223: 0.1442 | K223: 0.1055 | L223: 0.132 | M223: 0
A224: 46232
A225: 46233 | B225: 0.1272 | C225: 0.0883 | D225: 0.0274 | E225: 0.0191 | F225: 0.1266 | G225: 0.0448 | H225: 0.1255 | I225: 0.0595 | J225: 0.1442 | K225: 0.1054 | L225: 0.132 | M225: 0
A226: 46234 | B226: 0.127 | C226: 0.0884 | D226: 0.0274 | E226: 0.0192 | F226: 0.1268 | G226: 0.0448 | H226: 0.1254 | I226: 0.0595 | J226: 0.1441 | K226: 0.1055 | L226: 0.1319 | M226: 0
A227: 46237 | B227: 0.1273 | C227: 0.0884 | D227: 0.0275 | E227: 0.0191 | F227: 0.1267 | G227: 0.0449 | H227: 0.1253 | I227: 0.0595 | J227: 0.1441 | K227: 0.1055 | L227: 0.1318 | M227: 0
A228: 46238 | B228: 0.1272 | C228: 0.0884 | D228: 0.0274 | E228: 0.0191 | F228: 0.1269 | G228: 0.045 | H228: 0.1253 | I228: 0.0594 | J228: 0.144 | K228: 0.1056 | L228: 0.1317 | M228: 0
A229: 46239 | B229: 0.1273 | C229: 0.0884 | D229: 0.0275 | E229: 0.0192 | F229: 0.1268 | G229: 0.045 | H229: 0.1251 | I229: 0.0595 | J229: 0.1442 | K229: 0.1056 | L229: 0.1313 | M229: 0
A230: 46241 | B230: 0.1274 | C230: 0.0885 | D230: 0.0276 | E230: 0.0193 | F230: 0.1266 | G230: 0.0452 | H230: 0.1251 | I230: 0.0594 | J230: 0.144 | K230: 0.1056 | L230: 0.1314 | M230: 0
A231: 46244 | B231: 0.1274 | C231: 0.0885 | D231: 0.0276 | E231: 0.0193 | F231: 0.1264 | G231: 0.0452 | H231: 0.1251 | I231: 0.0595 | J231: 0.1439 | K231: 0.1056 | L231: 0.1316 | M231: 0
A232: 46245 | B232: 0.1275 | C232: 0.0884 | D232: 0.0277 | E232: 0.0193 | F232: 0.1261 | G232: 0.0451 | H232: 0.1251 | I232: 0.0595 | J232: 0.1438 | K232: 0.1056 | L232: 0.1318 | M232: 0
A233: 46246 | B233: 0.1275 | C233: 0.0883 | D233: 0.0276 | E233: 0.0192 | F233: 0.126 | G233: 0.0451 | H233: 0.1252 | I233: 0.0596 | J233: 0.1437 | K233: 0.1058 | L233: 0.132 | M233: 0
A234: 46247 | B234: 0.1234 | C234: 0.0856 | D234: 0.0267 | E234: 0.0186 | F234: 0.1222 | G234: 0.0439 | H234: 0.1219 | I234: 0.0579 | J234: 0.1391 | K234: 0.1022 | L234: 0.1279 | M234: 0.0306
...

Sheet Peso ETFPESOV
A1: Fecha | B1: Cash | C1: SB12AGO26 | D1: SB12AGO37 | E1: SB12AGO31 | F1: SB12FEB42 | G1: SB12FEB55 | H1: SB12AGO28 | I1: SB12AGO32 | J1: SB12FEB29 | K1: SB12AGO34 | L1: SB12AGO40 | M1: SB12AGO33 | N1: SB12AGO39 | O1: SB12AGO35
A2: 45908 | B2: 0.0025 | D2: 0.125 | E2: 0.1241 | F2: 0.0274 | G2: 0.0192 | H2: 0.0436 | I2: 0.1268 | J2: 0.0824 | K2: 0.1016 | L2: 0.0597 | M2: 0.1126 | N2: 0.1114 | O2: 0.0638
A3: 45909 | B3: 0.0023 | D3: 0.125 | E3: 0.1244 | F3: 0.0274 | G3: 0.0191 | H3: 0.0437 | I3: 0.1268 | J3: 0.0826 | K3: 0.1015 | L3: 0.0597 | M3: 0.1125 | N3: 0.1114 | O3: 0.0638
A4: 45910 | B4: 0.0023 | D4: 0.1251 | E4: 0.1241 | F4: 0.0275 | G4: 0.0191 | H4: 0.0435 | I4: 0.1265 | J4: 0.0823 | K4: 0.1016 | L4: 0.0601 | M4: 0.1123 | N4: 0.1117 | O4: 0.0639
A5: 45911 | B5: 0.0025 | D5: 0.1252 | E5: 0.124 | F5: 0.0275 | G5: 0.0192 | H5: 0.0435 | I5: 0.1264 | J5: 0.0822 | K5: 0.1017 | L5: 0.0599 | M5: 0.1122 | N5: 0.1116 | O5: 0.064
A6: 45912 | B6: 0.0025 | D6: 0.1251 | E6: 0.1241 | F6: 0.0272 | G6: 0.0192 | H6: 0.0435 | I6: 0.1268 | J6: 0.0822 | K6: 0.1015 | L6: 0.0599 | M6: 0.1124 | N6: 0.1115 | O6: 0.064
A7: 45915 | B7: 0.0025 | D7: 0.1244 | E7: 0.1249 | F7: 0.0271 | G7: 0.0191 | H7: 0.0438 | I7: 0.1274 | J7: 0.0828 | K7: 0.1015 | L7: 0.0594 | M7: 0.1124 | N7: 0.1107 | O7: 0.0639
A8: 45916
A9: 45917 | B9: 0.0025 | D9: 0.1243 | E9: 0.1252 | F9: 0.0271 | G9: 0.0193 | H9: 0.0439 | I9: 0.1274 | J9: 0.0829 | K9: 0.1013 | L9: 0.0593 | M9: 0.1126 | N9: 0.1106 | O9: 0.0637
A10: 45918 | B10: 0.0025 | D10: 0.1243 | E10: 0.1251 | F10: 0.0269 | G10: 0.0192 | H10: 0.0438 | I10: 0.1274 | J10: 0.0828 | K10: 0.1014 | L10: 0.0593 | M10: 0.113 | N10: 0.1106 | O10: 0.0638
A11: 45919 | B11: 0.0025 | D11: 0.1245 | E11: 0.1249 | F11: 0.027 | G11: 0.0192 | H11: 0.0437 | I11: 0.1273 | J11: 0.0826 | K11: 0.1014 | L11: 0.0594 | M11: 0.1128 | N11: 0.1107 | O11: 0.0638
A12: 45922 | B12: 0.0025 | D12: 0.1245 | E12: 0.1249 | F12: 0.027 | G12: 0.0192 | H12: 0.0438 | I12: 0.1272 | J12: 0.0827 | K12: 0.1014 | L12: 0.0595 | M12: 0.1128 | N12: 0.1109 | O12: 0.0638
A13: 45923 | B13: 0.0024 | D13: 0.1247 | E13: 0.1248 | F13: 0.027 | G13: 0.0191 | H13: 0.0438 | I13: 0.1271 | J13: 0.0827 | K13: 0.1013 | L13: 0.0596 | M13: 0.1127 | N13: 0.111 | O13: 0.0638
A14: 45924 | B14: 0.0024 | D14: 0.1248 | E14: 0.1248 | F14: 0.0271 | G14: 0.0192 | H14: 0.0438 | I14: 0.1271 | J14: 0.0827 | K14: 0.1013 | L14: 0.0595 | M14: 0.1128 | N14: 0.1107 | O14: 0.0638
A15: 45925 | B15: 0.0024 | D15: 0.1248 | E15: 0.1248 | F15: 0.027 | G15: 0.0191 | H15: 0.0437 | I15: 0.1272 | J15: 0.0827 | K15: 0.1013 | L15: 0.0595 | M15: 0.1129 | N15: 0.1108 | O15: 0.0638
A16: 45926 | B16: 0.0024 | D16: 0.1248 | E16: 0.1247 | F16: 0.0271 | G16: 0.0192 | H16: 0.0436 | I16: 0.1271 | J16: 0.0826 | K16: 0.1014 | L16: 0.0595 | M16: 0.1128 | N16: 0.1109 | O16: 0.0638
A17: 45929 | B17: 0.0024 | D17: 0.125 | E17: 0.1246 | F17: 0.0271 | G17: 0.0192 | H17: 0.0435 | I17: 0.127 | J17: 0.0825 | K17: 0.1014 | L17: 0.0595 | M17: 0.1129 | N17: 0.111 | O17: 0.0639
A18: 45930 | B18: 0.0024 | D18: 0.1252 | E18: 0.1243 | F18: 0.0272 | G18: 0.0192 | H18: 0.0434 | I18: 0.1268 | J18: 0.0823 | K18: 0.1014 | L18: 0.0597 | M18: 0.1127 | N18: 0.1113 | O18: 0.064
A19: 45931 | B19: 0.0024 | D19: 0.1254 | E19: 0.1241 | F19: 0.0272 | G19: 0.0192 | H19: 0.0434 | I19: 0.1267 | J19: 0.0822 | K19: 0.1015 | L19: 0.0598 | M19: 0.1126 | N19: 0.1113 | O19: 0.0642
A20: 45932 | B20: 0.0024 | D20: 0.1253 | E20: 0.124 | F20: 0.0272 | G20: 0.0192 | H20: 0.0435 | I20: 0.1267 | J20: 0.0823 | K20: 0.1014 | L20: 0.0598 | M20: 0.1128 | N20: 0.1114 | O20: 0.064
A21: 45933 | B21: 0.0024 | D21: 0.1253 | E21: 0.124 | F21: 0.0272 | G21: 0.0192 | H21: 0.0435 | I21: 0.1267 | J21: 0.0823 | K21: 0.1014 | L21: 0.0598 | M21: 0.1128 | N21: 0.1114 | O21: 0.064
A22: 45936
A23: 45937 | B23: 0.0023 | D23: 0.125 | E23: 0.1242 | F23: 0.0271 | G23: 0.0191 | H23: 0.0436 | I23: 0.127 | J23: 0.0825 | K23: 0.1015 | L23: 0.0596 | M23: 0.1129 | N23: 0.1109 | O23: 0.064
A24: 45938
A25: 45939 | B25: 0.0023 | D25: 0.12 | E25: 0.1243 | F25: 0.0272 | G25: 0.0191 | H25: 0.0437 | I25: 0.1272 | J25: 0.0827 | K25: 0.1015 | L25: 0.0595 | M25: 0.113 | N25: 0.1108 | O25: 0.0639
A26: 45940 | B26: 0.0023 | D26: 0.1246 | E26: 0.1246 | F26: 0.0271 | G26: 0.0191 | H26: 0.0437 | I26: 0.1273 | J26: 0.0829 | K26: 0.1014 | L26: 0.0594 | M26: 0.1131 | N26: 0.1106 | O26: 0.0638
A27: 45943 | B27: 0.0023 | D27: 0.1246 | E27: 0.1246 | F27: 0.0271 | G27: 0.0191 | H27: 0.0437 | I27: 0.1273 | J27: 0.0829 | K27: 0.1014 | L27: 0.0595 | M27: 0.113 | N27: 0.1108 | O27: 0.0638
A28: 45944 | B28: 0.0023 | D28: 0.1247 | E28: 0.1245 | F28: 0.0273 | G28: 0.0192 | H28: 0.0437 | I28: 0.1273 | J28: 0.0828 | K28: 0.1013 | L28: 0.0595 | M28: 0.1129 | N28: 0.1108 | O28: 0.0638
A29: 45945 | B29: 0.0023 | D29: 0.1248 | E29: 0.1243 | F29: 0.0271 | G29: 0.0193 | H29: 0.0436 | I29: 0.1273 | J29: 0.0827 | K29: 0.1014 | L29: 0.0594 | M29: 0.1129 | N29: 0.1108 | O29: 0.0639
A30: 45946 | B30: 0.0023 | D30: 0.1245 | E30: 0.1243 | F30: 0.0271 | G30: 0.0193 | H30: 0.0436 | I30: 0.1275 | J30: 0.0827 | K30: 0.1016 | L30: 0.0594 | M30: 0.1131 | N30: 0.1107 | O30: 0.0639
A31: 45947 | B31: 0.0022 | D31: 0.1244 | E31: 0.1243 | F31: 0.0272 | G31: 0.0193 | H31: 0.0436 | I31: 0.1274 | J31: 0.0826 | K31: 0.1016 | L31: 0.0593 | M31: 0.1133 | N31: 0.1107 | O31: 0.064
A32: 45950 | B32: 0.0022 | D32: 0.1245 | E32: 0.1241 | F32: 0.0272 | G32: 0.0193 | H32: 0.0435 | I32: 0.1273 | J32: 0.0824 | K32: 0.1019 | L32: 0.0593 | M32: 0.1134 | N32: 0.1107 | O32: 0.0641
A33: 45951 | B33: 0.0022 | D33: 0.1247 | E33: 0.1239 | F33: 0.0272 | G33: 0.0194 | H33: 0.0434 | I33: 0.1272 | J33: 0.0824 | K33: 0.1019 | L33: 0.0595 | M33: 0.1133 | N33: 0.1109 | O33: 0.064
A34: 45952 | B34: 0.0022 | D34: 0.1245 | E34: 0.124 | F34: 0.0271 | G34: 0.0193 | H34: 0.0435 | I34: 0.1272 | J34: 0.0825 | K34: 0.1017 | L34: 0.0595 | M34: 0.1134 | N34: 0.1109 | O34: 0.064
A35: 45953 | B35: 0.0022 | D35: 0.1245 | E35: 0.124 | F35: 0.0272 | G35: 0.0193 | H35: 0.0435 | I35: 0.1273 | J35: 0.0825 | K35: 0.1017 | L35: 0.0595 | M35: 0.1133 | N35: 0.1109 | O35: 0.0641
A36: 45954 | B36: 0.0022 | D36: 0.1247 | E36: 0.1238 | F36: 0.0271 | G36: 0.0192 | H36: 0.0435 | I36: 0.1271 | J36: 0.0824 | K36: 0.1019 | L36: 0.0596 | M36: 0.1132 | N36: 0.1111 | O36: 0.0641
... A109: 46063 | B109: 0.0016 | D109: 0.1246 | E109: 0.0872 | F109: 0.0276 | G109: 0.0198 | H109: 0.0002 | I109: 0.128 | J109: 0.0427 | K109: 0.1284 | L109: 0.0628 | M109: 0.1434 | N109: 0.1018 | O109: 0.1319
A110: 46064 | B110: -0.0257 | D110: 0.1283 | E110: 0.091 | F110: 0.0276 | G110: 0.0198 | I110: 0.1281 | J110: 0.0463 | K110: 0.1321 | L110: 0.0627 | M110: 0.1518 | N110: 0.1057 | O110: 0.1322
A111: 46065 | B111: 0.0054 | D111: 0.1244 | E111: 0.0885 | F111: 0.0268 | G111: 0.0192 | I111: 0.1246 | J111: 0.0452 | K111: 0.1286 | L111: 0.0608 | M111: 0.1474 | N111: 0.1023 | O111: 0.1268
A112: 46066 | B112: 0.0054 | D112: 0.1243 | E112: 0.0885 | F112: 0.0268 | G112: 0.0192 | I112: 0.1246 | J112: 0.0452 | K112: 0.1286 | L112: 0.0609 | M112: 0.1475 | N112: 0.1022 | O112: 0.1269
A113: 46069 | B113: 0.0054 | D113: 0.1243 | E113: 0.0885 | F113: 0.0268 | G113: 0.0192 | I113: 0.1246 | J113: 0.0452 | K113: 0.1286 | L113: 0.0609 | M113: 0.1475 | N113: 0.1022 | O113: 0.1269
A114: 46070 | B114: 0.0054 | D114: 0.1243 | E114: 0.0884 | F114: 0.0268 | G114: 0.0192 | I114: 0.1245 | J114: 0.0451 | K114: 0.1286 | L114: 0.0609 | M114: 0.1475 | N114: 0.1022 | O114: 0.1271
A115: 46071 | B115: 0.0054 | D115: 0.1242 | E115: 0.0884 | F115: 0.0267 | G115: 0.0191 | I115: 0.1244 | J115: 0.0452 | K115: 0.1288 | L115: 0.0607 | M115: 0.1478 | N115: 0.1022 | O115: 0.1272
A116: 46072 | B116: 0.0054 | D116: 0.1243 | E116: 0.0884 | F116: 0.0267 | G116: 0.0192 | I116: 0.1245 | J116: 0.0452 | K116: 0.1287 | L116: 0.0607 | M116: 0.1478 | N116: 0.1022 | O116: 0.1269
A117: 46073 | B117: 0.0054 | D117: 0.1242 | E117: 0.0884 | F117: 0.0267 | G117: 0.0192 | I117: 0.1244 | J117: 0.0452 | K117: 0.1288 | L117: 0.0606 | M117: 0.1479 | N117: 0.1022 | O117: 0.1269
A118: 46076 | B118: 0.0054 | D118: 0.1243 | E118: 0.0884 | F118: 0.0267 | G118: 0.0192 | I118: 0.1244 | J118: 0.0452 | K118: 0.1289 | L118: 0.0606 | M118: 0.1479 | N118: 0.1021 | O118: 0.127
A119: 46077 | B119: 0.0054 | D119: 0.1244 | E119: 0.0883 | F119: 0.0267 | G119: 0.0192 | I119: 0.1243 | J119: 0.0452 | K119: 0.1288 | L119: 0.0606 | M119: 0.1479 | N119: 0.1021 | O119: 0.1271
A120: 46078 | B120: 0.0053 | D120: 0.1244 | E120: 0.0883 | F120: 0.0267 | G120: 0.0192 | I120: 0.1243 | J120: 0.0452 | K120: 0.1288 | L120: 0.0606 | M120: 0.1479 | N120: 0.1021 | O120: 0.127
A121: 46079 | B121: 0.0053 | D121: 0.1245 | E121: 0.0884 | F121: 0.0267 | G121: 0.0191 | I121: 0.1244 | J121: 0.0452 | K121: 0.1288 | L121: 0.0607 | M121: 0.1479 | N121: 0.1022 | O121: 0.1268
... A134: 46098 | B134: 0.0062 | D134: 0.1236 | E134: 0.0887 | F134: 0.0267 | G134: 0.019 | I134: 0.125 | J134: 0.046 | K134: 0.1287 | L134: 0.0598 | M134: 0.1476 | N134: 0.1024 | O134: 0.1265
A135: 46099
A136: 46100
A137: 46101
A138: 46104
A139: 46105
A140: 46106
A141: 46107
A142: 46108
A143: 46111
A144: 46112
A145: 46113
A146: 46118
A147: 46119
A148: 46120 | B148: 0.0061 | D148: 0.1239 | E148: 0.0891 | F148: 0.0266 | G148: 0.0188 | I148: 0.1251 | J148: 0.0467 | K148: 0.1282 | L148: 0.0594 | M148: 0.1478 | N148: 0.1022 | O148: 0.1261
A149: 46121 | B149: 0.0061 | D149: 0.1238 | E149: 0.0888 | F149: 0.0265 | G149: 0.0187 | I149: 0.1247 | J149: 0.0464 | K149: 0.1282 | L149: 0.0597 | M149: 0.1474 | N149: 0.102 | O149: 0.1278
A150: 46122 | B150: 0.0061 | D150: 0.1236 | E150: 0.0888 | F150: 0.0264 | G150: 0.0188 | I150: 0.1245 | J150: 0.0463 | K150: 0.1283 | L150: 0.0599 | M150: 0.1474 | N150: 0.1018 | O150: 0.1282
A151: 46125 | B151: 0.006 | D151: 0.124 | E151: 0.0884 | F151: 0.0267 | G151: 0.0191 | I151: 0.1241 | J151: 0.0461 | K151: 0.1279 | L151: 0.0599 | M151: 0.1473 | N151: 0.1019 | O151: 0.1288
A152: 46126 | B152: 0.006 | D152: 0.1241 | E152: 0.0886 | F152: 0.0267 | G152: 0.019 | I152: 0.1242 | J152: 0.0462 | K152: 0.1284 | L152: 0.0597 | M152: 0.1473 | N152: 0.1016 | O152: 0.1281
A153: 46127 | B153: 0.006 | D153: 0.124 | E153: 0.0888 | F153: 0.0268 | G153: 0.019 | I153: 0.1244 | J153: 0.0463 | K153: 0.1289 | L153: 0.0595 | M153: 0.1477 | N153: 0.1013 | O153: 0.1272
A154: 46128 | B154: 0.006 | D154: 0.1244 | E154: 0.0886 | F154: 0.0267 | G154: 0.0191 | I154: 0.1244 | J154: 0.0462 | K154: 0.1289 | L154: 0.0595 | M154: 0.1475 | N154: 0.1014 | O154: 0.1273
A155: 46129 | B155: 0.006 | D155: 0.1249 | E155: 0.0885 | F155: 0.0267 | G155: 0.019 | I155: 0.1241 | J155: 0.0459 | K155: 0.129 | L155: 0.0601 | M155: 0.1478 | N155: 0.1013 | O155: 0.1268
A156: 46132 | B156: 0.0059 | D156: 0.1247 | E156: 0.0882 | F156: 0.0266 | G156: 0.0189 | I156: 0.1237 | J156: 0.0457 | K156: 0.1291 | L156: 0.06 | M156: 0.1474 | N156: 0.1016 | O156: 0.1281
A157: 46133 | B157: 0.0059 | D157: 0.125 | E157: 0.0883 | F157: 0.0265 | G157: 0.0188 | I157: 0.1237 | J157: 0.0457 | K157: 0.129 | L157: 0.0602 | M157: 0.1473 | N157: 0.1016 | O157: 0.128
A158: 46134 | B158: 0.0059 | D158: 0.1249 | E158: 0.0883 | F158: 0.0266 | G158: 0.0189 | I158: 0.1237 | J158: 0.0458 | K158: 0.129 | L158: 0.0601 | M158: 0.1474 | N158: 0.1016 | O158: 0.1279
A159: 46135 | B159: 0.0059 | D159: 0.1248 | E159: 0.0883 | F159: 0.0266 | G159: 0.0189 | I159: 0.1236 | J159: 0.0457 | K159: 0.129 | L159: 0.0601 | M159: 0.1472 | N159: 0.1029 | O159: 0.1268
... A223: 46230 | B223: 0.0031 | D223: 0.1237 | E223: 0.0915 | F223: 0.0261 | G223: 0.0185 | I223: 0.1259 | J223: 0.046 | K223: 0.1278 | L223: 0.0608 | M223: 0.1472 | N223: 0.1025 | O223: 0.1268
A224: 46232
A225: 46233 | B225: 0.0031 | D225: 0.1235 | E225: 0.0916 | F225: 0.0261 | G225: 0.0186 | I225: 0.1262 | J225: 0.046 | K225: 0.1277 | L225: 0.0608 | M225: 0.1471 | N225: 0.1026 | O225: 0.1267
A226: 46234 | B226: 0.0031 | D226: 0.1237 | E226: 0.0916 | F226: 0.0262 | G226: 0.0185 | I226: 0.1261 | J226: 0.0461 | K226: 0.1276 | L226: 0.0608 | M226: 0.1471 | N226: 0.1026 | O226: 0.1266
A227: 46237 | B227: 0.003 | D227: 0.1237 | E227: 0.0917 | F227: 0.0262 | G227: 0.0185 | I227: 0.1262 | J227: 0.0462 | K227: 0.1276 | L227: 0.0608 | M227: 0.147 | N227: 0.1027 | O227: 0.1264
A228: 46238 | B228: 0.003 | D228: 0.1238 | E228: 0.0917 | F228: 0.0262 | G228: 0.0186 | I228: 0.1261 | J228: 0.0462 | K228: 0.1274 | L228: 0.0609 | M228: 0.1472 | N228: 0.1027 | O228: 0.1261
A229: 46239 | B229: 0.003 | D229: 0.1239 | E229: 0.0918 | F229: 0.0263 | G229: 0.0187 | I229: 0.1259 | J229: 0.0463 | K229: 0.1274 | L229: 0.0608 | M229: 0.147 | N229: 0.1027 | O229: 0.1262
A230: 46241 | B230: 0.003 | D230: 0.1239 | E230: 0.0918 | F230: 0.0263 | G230: 0.0187 | I230: 0.1257 | J230: 0.0463 | K230: 0.1274 | L230: 0.0609 | M230: 0.1469 | N230: 0.1027 | O230: 0.1264
A231: 46244 | B231: 0.003 | D231: 0.124 | E231: 0.0917 | F231: 0.0264 | G231: 0.0187 | I231: 0.1255 | J231: 0.0463 | K231: 0.1274 | L231: 0.0609 | M231: 0.1468 | N231: 0.1027 | O231: 0.1265
A232: 46245 | B232: 0.003 | D232: 0.124 | E232: 0.0916 | F232: 0.0263 | G232: 0.0186 | I232: 0.1253 | J232: 0.0463 | K232: 0.1275 | L232: 0.061 | M232: 0.1468 | N232: 0.1029 | O232: 0.1267
A233: 46246 | B233: 0.003 | D233: 0.1238 | E233: 0.0916 | F233: 0.0263 | G233: 0.0186 | I233: 0.1254 | J233: 0.0464 | K233: 0.128 | L233: 0.0611 | M233: 0.1465 | N233: 0.1026 | O233: 0.1268
A234: 46247 | B234: 0.003 | D234: 0.1238 | E234: 0.0915 | F234: 0.0262 | G234: 0.0185 | I234: 0.1253 | J234: 0.0464 | K234: 0.1281 | L234: 0.0612 | M234: 0.1464 | N234: 0.1026 | O234: 0.127
A235: 46248 | B235: 0.003 | D235: 0.1238 | E235: 0.0915 | F235: 0.0262 | G235: 0.0186 | I235: 0.1252 | J235: 0.0464 | K235: 0.1282 | L235: 0.0612 | M235: 0.1465 | N235: 0.1026 | O235: 0.1269
A236: 46251 | B236: 0.003 | D236: 0.1239 | E236: 0.0915 | F236: 0.0261 | G236: 0.0185 | I236: 0.1252 | J236: 0.0464 | K236: 0.1283 | L236: 0.0612 | M236: 0.1465 | N236: 0.1026 | O236: 0.1269
... A265: 46290 | B265: 0.0027526115 | D265: 0.12413451 | E265: 0.091098227 | F265: 0.02653847 | G265: 0.018674944 | I265: 0.12515769 | J265: 0.046869523 | K265: 0.12794373 | L265: 0.061432247 | M265: 0.14640219 | N265: 0.10319547 | O265: 0.12580038

Sheet Diferencia de Pesos
A1: Fecha | B1: Cash | C1: SB12AGO26 | D1: SB12AGO28 | E1: SB12AGO31 | F1: SB12AGO32 | G1: SB12AGO33 | H1: SB12AGO34 | I1: SB12AGO35 | J1: SB12AGO37 | K1: SB12AGO39 | L1: SB12AGO40 | M1: SB12FEB29 | N1: SB12FEB42 | O1: SB12FEB55
A2: ='Peso Benchmark'!A2 -> 45908 | B2: 0.0025 | D2: -0.0031 | E2: -0.0021 | F2: -0.0015 | G2: -0.0011 | H2: -0.0016 | I2: -0.0008 | J2: 0.0036 | K2: 0.0093 | L2: 0.0016 | M2: -0.0019 | N2: -0.004 | O2: -0.0009
A3: ='Peso Benchmark'!A3 -> 45909 | B3: 0.0023 | D3: -0.0029 | E3: -0.0017 | F3: -0.0013 | G3: -0.001 | H3: -0.0018 | I3: -0.0011 | J3: 0.0033 | K3: 0.0094 | L3: 0.0015 | M3: -0.0015 | N3: -0.004 | O3: -0.001
A4: ='Peso Benchmark'!A4 -> 45910 | B4: 0.0023 | D4: -0.003 | E4: -0.0018 | F4: -0.0014 | G4: -0.0009 | H4: -0.0017 | I4: -0.0007 | J4: 0.003 | K4: 0.0093 | L4: 0.0017 | M4: -0.0016 | N4: -0.004 | O4: -0.0011
A5: ='Peso Benchmark'!A5 -> 45911 | B5: 0.0025 | D5: -0.0029 | E5: -0.0018 | F5: -0.0014 | G5: -0.0013 | H5: -0.0016 | I5: -0.0007 | J5: 0.0031 | K5: 0.0092 | L5: 0.0015 | M5: -0.0016 | N5: -0.004 | O5: -0.001
A6: ='Peso Benchmark'!A6 -> 45912 | B6: 0.0025 | D6: -0.0029 | E6: -0.0018 | F6: -0.0032 | G6: -0.0011 | H6: -0.0018 | I6: -0.001 | J6: 0.0032 | K6: 0.0091 | L6: 0.0015 | M6: -0.0016 | N6: -0.0043 | O6: -0.001
A7: ='Peso Benchmark'!A7 -> 45915 | B7: 0.0025 | D7: -0.0025 | E7: -0.0008 | F7: -0.0002 | G7: -0.001 | H7: -0.0019 | I7: -0.0008 | J7: 0.0022 | K7: 0.008 | L7: 0.0007 | M7: -0.0032 | N7: -0.0044 | O7: -0.0012
A8: ='Peso Benchmark'!A8 -> 45916
A9: ='Peso Benchmark'!A9 -> 45917 | B9: 0.0025 | D9: -0.0025 | E9: -0.0008 | F9: -0.0004 | G9: -0.0009 | H9: -0.0018 | I9: -0.0008 | J9: 0.0022 | K9: 0.0081 | L9: 0.0007 | M9: -0.0009 | N9: -0.0044 | O9: -0.0009
A10: ='Peso Benchmark'!A10 -> 45918 | B10: 0.0025 | D10: -0.0028 | E10: -0.0015 | F10: -0.0012 | G10: -0.0005 | H10: -0.0017 | I10: -0.0007 | J10: 0.0027 | K10: 0.0088 | L10: 0.0013 | M10: -0.0014 | N10: -0.0045 | O10: -0.0009
A11: ='Peso Benchmark'!A11 -> 45919 | B11: 0.0025 | D11: -0.003 | E11: -0.0018 | F11: -0.0012 | G11: -0.0008 | H11: -0.0016 | I11: -0.0009 | J11: 0.0031 | K11: 0.009 | L11: 0.0015 | M11: -0.0016 | N11: -0.0044 | O11: -0.0009
A12: ='Peso Benchmark'!A12 -> 45922 | B12: 0.0025 | D12: -0.0028 | E12: -0.0017 | F12: -0.0012 | G12: -0.0011 | H12: -0.0017 | I12: -0.0008 | J12: 0.0029 | K12: 0.0091 | L12: 0.0015 | M12: -0.0014 | N12: -0.0043 | O12: -0.0009
A13: ='Peso Benchmark'!A13 -> 45923 | B13: 0.0024 | D13: -0.0028 | E13: -0.0017 | F13: -0.0012 | G13: -0.0012 | H13: -0.0018 | I13: -0.0008 | J13: 0.003 | K13: 0.0092 | L13: 0.0016 | M13: -0.0014 | N13: -0.0042 | O13: -0.001
A14: ='Peso Benchmark'!A14 -> 45924 | B14: 0.0024 | D14: -0.0027 | E14: -0.0016 | F14: -0.0011 | G14: -0.001 | H14: -0.0022 | I14: -0.0008 | J14: 0.0031 | K14: 0.0088 | L14: 0.0014 | M14: -0.0013 | N14: -0.0042 | O14: -0.0009
A15: ='Peso Benchmark'!A15 -> 45925 | B15: 0.0024 | D15: -0.0028 | E15: -0.0016 | F15: -0.0011 | G15: -0.001 | H15: -0.0018 | I15: -0.0008 | J15: 0.003 | K15: 0.0089 | L15: 0.0014 | M15: -0.0013 | N15: -0.0043 | O15: -0.001
A16: ='Peso Benchmark'!A16 -> 45926 | B16: 0.0024 | D16: -0.0029 | E16: -0.0016 | F16: -0.0011 | G16: -0.001 | H16: -0.0016 | I16: -0.0007 | J16: 0.0029 | K16: 0.0089 | L16: 0.0014 | M16: -0.0015 | N16: -0.0042 | O16: -0.0009
A17: ='Peso Benchmark'!A17 -> 45929 | B17: 0.0024 | D17: -0.003 | E17: -0.0017 | F17: -0.0012 | G17: -0.0009 | H17: -0.0017 | I17: -0.0007 | J17: 0.003 | K17: 0.0091 | L17: 0.0014 | M17: -0.0015 | N17: -0.0042 | O17: -0.0009
A18: ='Peso Benchmark'!A18 -> 45930 | B18: 0.0024 | D18: -0.003 | E18: -0.0019 | F18: -0.0014 | G18: -0.0011 | H18: -0.0017 | I18: -0.0007 | J18: 0.0031 | K18: 0.0093 | L18: 0.0016 | M18: -0.0016 | N18: -0.0041 | O18: -0.0008
A19: ='Peso Benchmark'!A19 -> 45931 | B19: 0.0024 | D19: -0.0029 | E19: -0.002 | F19: -0.0013 | G19: -0.0011 | H19: -0.002 | I19: -0.0006 | J19: 0.0031 | K19: 0.0093 | L19: 0.0017 | M19: -0.0016 | N19: -0.0041 | O19: -0.0009
A20: ='Peso Benchmark'!A20 -> 45932 | B20: 0.0024 | D20: -0.0028 | E20: -0.002 | F20: -0.0012 | G20: -0.0009 | H20: -0.0017 | I20: -0.0008 | J20: 0.0029 | K20: 0.009 | L20: 0.0016 | M20: -0.0014 | N20: -0.0042 | O20: -0.0009
... A23: ='Peso Benchmark'!A23 -> 45937 | B23: 0.0023 | D23: -0.0026 | E23: -0.0014 | F23: -0.0007 | G23: -0.0008 | H23: -0.0016 | I23: -0.0006 | J23: 0.0027 | K23: 0.0082 | L23: 0.001 | M23: -0.0011 | N23: -0.0045 | O23: -0.0011
A24: ='Peso Benchmark'!A24 -> 45938
A25: ='Peso Benchmark'!A25 -> 45939 | B25: 0.0023 | D25: -0.0026 | E25: -0.0012 | F25: -0.0006 | G25: -0.0008 | H25: -0.0015 | I25: -0.0007 | J25: -0.0021 | K25: 0.0082 | L25: 0.0009 | M25: -0.001 | N25: -0.0044 | O25: -0.0012
A26: ='Peso Benchmark'!A26 -> 45940 | B26: 0.0023 | D26: -0.0026 | E26: -0.001 | F26: -0.0006 | G26: -0.0008 | H26: -0.0017 | I26: -0.0007 | J26: 0.0027 | K26: 0.0081 | L26: 0.0009 | M26: -0.0009 | N26: -0.0045 | O26: -0.0012
A27: ='Peso Benchmark'!A27 -> 45943 | B27: 0.0023 | D27: -0.0027 | E27: -0.0012 | F27: -0.0008 | G27: -0.0008 | H27: -0.0016 | I27: -0.0006 | J27: 0.0046 | K27: 0.0083 | L27: 0.001 | M27: -0.001 | N27: -0.0045 | O27: -0.0012
A28: ='Peso Benchmark'!A28 -> 45944 | B28: 0.0023 | D28: -0.0027 | E28: -0.0013 | F28: -0.0008 | G28: -0.0009 | H28: -0.0017 | I28: -0.0006 | J28: 0.003 | K28: 0.0083 | L28: 0.001 | M28: -0.0011 | N28: -0.0043 | O28: -0.0011
A29: ='Peso Benchmark'!A29 -> 45945 | B29: 0.0023 | D29: -0.0028 | E29: -0.0017 | F29: -0.0009 | G29: -0.0011 | H29: -0.0016 | I29: -0.0007 | J29: 0.003 | K29: 0.0087 | L29: 0.0012 | M29: -0.0014 | N29: -0.0044 | O29: -0.0008
A30: ='Peso Benchmark'!A30 -> 45946 | B30: 0.0023 | D30: -0.0028 | E30: -0.0017 | F30: -0.0007 | G30: -0.0008 | H30: -0.0014 | I30: -0.0008 | J30: 0.0027 | K30: 0.0085 | L30: 0.0012 | M30: -0.0014 | N30: -0.0044 | O30: -0.0008
A31: ='Peso Benchmark'!A31 -> 45947 | B31: 0.0022 | D31: -0.0028 | E31: -0.0016 | F31: -0.0008 | G31: -0.0006 | H31: -0.0015 | I31: -0.0007 | J31: 0.0026 | K31: 0.0086 | L31: 0.0011 | M31: -0.0014 | N31: -0.0043 | O31: -0.0008
A32: ='Peso Benchmark'!A32 -> 45950 | B32: 0.0022 | D32: -0.0029 | E32: -0.0018 | F32: -0.0009 | G32: -0.0005 | H32: -0.0013 | I32: -0.0007 | J32: 0.0028 | K32: 0.0086 | L32: 0.0011 | M32: -0.0016 | N32: -0.0043 | O32: -0.0008
A33: ='Peso Benchmark'!A33 -> 45951 | B33: 0.0022 | D33: -0.0029 | E33: -0.0019 | F33: -0.0009 | G33: -0.0008 | H33: -0.0016 | I33: -0.0009 | J33: 0.0029 | K33: 0.0089 | L33: 0.0014 | M33: -0.0015 | N33: -0.0042 | O33: -0.0007
A34: ='Peso Benchmark'!A34 -> 45952 | B34: 0.0022 | D34: -0.0027 | E34: -0.0017 | F34: -0.0009 | G34: -0.0009 | H34: -0.0018 | I34: -0.0009 | J34: 0.0027 | K34: 0.0089 | L34: 0.0014 | M34: -0.0013 | N34: -0.0044 | O34: -0.0009
A35: ='Peso Benchmark'!A35 -> 45953 | B35: 0.0022 | D35: -0.0027 | E35: -0.0016 | F35: -0.0008 | G35: -0.0012 | H35: -0.0018 | I35: -0.0007 | J35: 0.0028 | K35: 0.0088 | L35: 0.0014 | M35: -0.0013 | N35: -0.0043 | O35: -0.0009
A36: ='Peso Benchmark'!A36 -> 45954 | B36: 0.0022 | D36: -0.0027 | E36: -0.0017 | F36: -0.001 | G36: -0.0011 | H36: -0.0016 | I36: -0.0007 | J36: 0.003 | K36: 0.0089 | L36: 0.0014 | M36: -0.0014 | N36: -0.0044 | O36: -0.001
... A109: ='Peso Benchmark'!A109 -> 46063 | B109: 0.0016 | D109: 0.0002 | E109: 0.0006 | F109: 0.0012 | G109: -0.0035 | H109: 0.0003 | I109: 0.0025 | J109: 0.0002 | K109: -0.0019 | L109: 0.0019 | M109: -0.0019 | N109: -0.0009 | O109: -0.0003
A110: ='Peso Benchmark'!A110 -> 46064 | B110: -0.0257 | E110: 0.0043 | F110: 0.0012 | G110: 0.005 | H110: 0.0041 | I110: 0.0028 | J110: 0.004 | K110: 0.0019 | L110: 0.0018 | M110: 0.0017 | N110: -0.001 | O110: -0.0004
A111: ='Peso Benchmark'!A111 -> 46065 | B111: 0.0054 | E111: 0.0019 | F111: -0.0024 | G111: 0.0005 | H111: 0.0006 | I111: -0.0026 | J111: 0.0001 | K111: -0.0014 | L111: -0.0001 | M111: 0.0006 | N111: -0.0018 | O111: -0.001
A112: ='Peso Benchmark'!A112 -> 46066 | B112: -0.026 | E112: 0.0044 | F112: 0.0011 | G112: 0.0052 | H112: 0.0041 | I112: 0.0029 | J112: 0.0039 | K112: 0.0019 | L112: 0.0018 | M112: 0.0018 | N112: -0.0009 | O112: -0.0004
A113: ='Peso Benchmark'!A113 -> 46069 | B113: -0.026 | E113: 0.0044 | F113: 0.0012 | G113: 0.0051 | H113: 0.0042 | I113: 0.0028 | J113: 0.004 | K113: 0.002 | L113: 0.0018 | M113: 0.0018 | N113: -0.0009 | O113: -0.0004
A114: ='Peso Benchmark'!A114 -> 46070 | B114: -0.026 | E114: 0.0043 | F114: 0.0011 | G114: 0.0051 | H114: 0.0042 | I114: 0.003 | J114: 0.004 | K114: 0.002 | L114: 0.0018 | M114: 0.0017 | N114: -0.0009 | O114: -0.0004
A115: ='Peso Benchmark'!A115 -> 46071 | B115: -0.0259 | E115: 0.0044 | F115: 0.001 | G115: 0.0054 | H115: 0.0043 | I115: 0.0029 | J115: 0.0039 | K115: 0.002 | L115: 0.0016 | M115: 0.0018 | N115: -0.001 | O115: -0.0004
A116: ='Peso Benchmark'!A116 -> 46072 | B116: -0.0259 | E116: 0.0044 | F116: 0.0012 | G116: 0.0051 | H116: 0.0041 | I116: 0.0026 | J116: 0.0041 | K116: 0.002 | L116: 0.0018 | M116: 0.0018 | N116: -0.0009 | O116: -0.0003
A117: ='Peso Benchmark'!A117 -> 46073 | B117: -0.0259 | E117: 0.0044 | F117: 0.0011 | G117: 0.0052 | H117: 0.0042 | I117: 0.0028 | J117: 0.004 | K117: 0.002 | L117: 0.0016 | M117: 0.0018 | N117: -0.0009 | O117: -0.0003
A118: ='Peso Benchmark'!A118 -> 46076 | B118: -0.0259 | E118: 0.0044 | F118: 0.0011 | G118: 0.0051 | H118: 0.0042 | I118: 0.0029 | J118: 0.0041 | K118: 0.0019 | L118: 0.0017 | M118: 0.0018 | N118: -0.0009 | O118: -0.0003
A119: ='Peso Benchmark'!A119 -> 46077 | B119: -0.0259 | E119: 0.0043 | F119: 0.0011 | G119: 0.0051 | H119: 0.0041 | I119: 0.0029 | J119: 0.0041 | K119: 0.002 | L119: 0.0018 | M119: 0.0018 | N119: -0.0009 | O119: -0.0003
A120: ='Peso Benchmark'!A120 -> 46078 | B120: -0.026 | E120: 0.0043 | F120: 0.0011 | G120: 0.0052 | H120: 0.0041 | I120: 0.0027 | J120: 0.004 | K120: 0.002 | L120: 0.0018 | M120: 0.0018 | N120: -0.0009 | O120: -0.0003
A121: ='Peso Benchmark'!A121 -> 46079 | B121: -0.026 | E121: 0.0044 | F121: 0.0013 | G121: 0.0051 | H121: 0.0041 | I121: 0.0026 | J121: 0.0041 | K121: 0.0021 | L121: 0.0018 | M121: 0.0018 | N121: -0.0009 | O121: -0.0004
... A134: ='Peso Benchmark'!A134 -> 46098 | B134: 0.0062 | E134: 0.0024 | F134: -0.0018 | G134: 0.0015 | H134: 0.001 | I134: -0.0028 | J134: -0.0009 | K134: -0.0036 | L134: -0.0001 | M134: 0.0008 | N134: -0.0016 | O134: -0.0008
A135: ='Peso Benchmark'!A135 -> 46099
A136: ='Peso Benchmark'!A136 -> 46100
A137: ='Peso Benchmark'!A137 -> 46101
A138: ='Peso Benchmark'!A138 -> 46104
A139: ='Peso Benchmark'!A139 -> 46105
A140: ='Peso Benchmark'!A140 -> 46106
A141: ='Peso Benchmark'!A141 -> 46107
A142: ='Peso Benchmark'!A142 -> 46108
A143: ='Peso Benchmark'!A143 -> 46111
A144: ='Peso Benchmark'!A144 -> 46112
A145: ='Peso Benchmark'!A145 -> 46113
A146: ='Peso Benchmark'!A146 -> 46118
A147: ='Peso Benchmark'!A147 -> 46119
A148: ='Peso Benchmark'!A148 -> 46120 | B148: 0.0061 | E148: 0.0025 | F148: -0.0013 | G148: 0.0022 | H148: 0.0017 | I148: -0.0037 | J148: -0.0015 | K148: -0.0045 | L148: 0.0001 | M148: 0.0007 | N148: -0.0015 | O148: -0.0009
A149: ='Peso Benchmark'!A149 -> 46121 | B149: 0.0061 | E149: 0.0023 | F149: -0.0018 | G149: 0.0018 | H149: 0.0015 | I149: -0.0017 | J149: -0.0019 | K149: -0.0049 | L149: 0.0004 | M149: 0.0006 | N149: -0.0016 | O149: -0.0008
A150: ='Peso Benchmark'!A150 -> 46122 | B150: 0.0061 | E150: 0.0027 | F150: -0.0015 | G150: 0.0022 | H150: 0.0016 | I150: -0.0031 | J150: -0.002 | K150: -0.0048 | L150: 0.0003 | M150: 0.0008 | N150: -0.0016 | O150: -0.0006
A151: ='Peso Benchmark'!A151 -> 46125 | B151: 0.006 | E151: 0.0022 | F151: -0.0018 | G151: 0.002 | H151: 0.0012 | I151: -0.0029 | J151: -0.0014 | K151: -0.0045 | L151: 0.0001 | M151: 0.0007 | N151: -0.0011 | O151: -0.0004
A152: ='Peso Benchmark'!A152 -> 46126 | B152: 0.006 | E152: 0.0028 | F152: -0.0012 | G152: 0.0022 | H152: 0.0021 | I152: -0.0042 | J152: -0.0017 | K152: -0.0049 | L152: -0.0001 | M152: 0.001 | N152: -0.0015 | O152: -0.0008
A153: ='Peso Benchmark'!A153 -> 46127 | B153: 0.006 | E153: 0.0028 | F153: -0.0012 | G153: 0.0026 | H153: 0.0021 | I153: -0.0043 | J153: -0.0019 | K153: -0.0049 | L153: 0 | M153: 0.001 | N153: -0.0014 | O153: -0.0008
A154: ='Peso Benchmark'!A154 -> 46128 | B154: 0.006 | E154: 0.0025 | F154: -0.0014 | G154: 0.002 | H154: 0.0015 | I154: -0.0033 | J154: -0.0015 | K154: -0.0045 | L154: 0.0001 | M154: 0.0008 | N154: -0.0016 | O154: -0.0006
A155: ='Peso Benchmark'!A155 -> 46129 | B155: 0.006 | E155: 0.0026 | F155: -0.0016 | G155: 0.0025 | H155: 0.0017 | I155: -0.004 | J155: -0.0013 | K155: -0.0047 | L155: 0.0007 | M155: 0.0006 | N155: -0.0015 | O155: -0.0008
A156: ='Peso Benchmark'!A156 -> 46132 | B156: 0.0059 | E156: 0.0023 | F156: -0.0017 | G156: 0.0018 | H156: 0.0017 | I156: -0.0022 | J156: -0.002 | K156: -0.0043 | L156: 0.0001 | M156: 0.0007 | N156: -0.0015 | O156: -0.0008
A157: ='Peso Benchmark'!A157 -> 46133 | B157: 0.0059 | E157: 0.0027 | F157: -0.0014 | G157: 0.0021 | H157: 0.0014 | I157: -0.0036 | J157: -0.0015 | K157: -0.0046 | L157: 0.0004 | M157: 0.0009 | N157: -0.0015 | O157: -0.0008
A158: ='Peso Benchmark'!A158 -> 46134 | B158: 0.0059 | E158: 0.0027 | F158: -0.0013 | G158: 0.0022 | H158: 0.0016 | I158: -0.0036 | J158: -0.0018 | K158: -0.0046 | L158: 0.0001 | M158: 0.001 | N158: -0.0014 | O158: -0.0006
A159: ='Peso Benchmark'!A159 -> 46135 | B159: 0.0059 | E159: 0.0026 | F159: -0.0014 | G159: 0.002 | H159: 0.0016 | I159: -0.0045 | J159: -0.0019 | K159: -0.0033 | L159: 0.0001 | M159: 0.0008 | N159: -0.0014 | O159: -0.0007
... A223: ='Peso Benchmark'!A223 -> 46230 | B223: 0.0031 | E223: 0.0032 | F223: -0.0007 | G223: 0.003 | H223: 0.0022 | I223: -0.0052 | J223: -0.0035 | K223: -0.003 | L223: 0.0014 | M223: 0.0012 | N223: -0.0013 | O223: -0.0006
A224: ='Peso Benchmark'!A224 -> 46232
A225: ='Peso Benchmark'!A225 -> 46233 | B225: 0.0031 | E225: 0.0033 | F225: -0.0004 | G225: 0.0029 | H225: 0.0022 | I225: -0.0053 | J225: -0.0037 | K225: -0.0028 | L225: 0.0013 | M225: 0.0012 | N225: -0.0013 | O225: -0.0005
A226: ='Peso Benchmark'!A226 -> 46234 | B226: 0.0031 | E226: 0.0032 | F226: -0.0007 | G226: 0.003 | H226: 0.0022 | I226: -0.0053 | J226: -0.0033 | K226: -0.0029 | L226: 0.0013 | M226: 0.0013 | N226: -0.0012 | O226: -0.0007
A227: ='Peso Benchmark'!A227 -> 46237 | B227: 0.003 | E227: 0.0033 | F227: -0.0005 | G227: 0.0029 | H227: 0.0023 | I227: -0.0054 | J227: -0.0036 | K227: -0.0028 | L227: 0.0013 | M227: 0.0013 | N227: -0.0013 | O227: -0.0006
A228: ='Peso Benchmark'!A228 -> 46238 | B228: 0.003 | E228: 0.0033 | F228: -0.0008 | G228: 0.0032 | H228: 0.0021 | I228: -0.0056 | J228: -0.0034 | K228: -0.0029 | L228: 0.0015 | M228: 0.0012 | N228: -0.0012 | O228: -0.0005
A229: ='Peso Benchmark'!A229 -> 46239 | B229: 0.003 | E229: 0.0034 | F229: -0.0009 | G229: 0.0028 | H229: 0.0023 | I229: -0.0051 | J229: -0.0034 | K229: -0.0029 | L229: 0.0013 | M229: 0.0013 | N229: -0.0012 | O229: -0.0005
A230: ='Peso Benchmark'!A230 -> 46241 | B230: 0.003 | E230: 0.0033 | F230: -0.0009 | G230: 0.0029 | H230: 0.0023 | I230: -0.005 | J230: -0.0035 | K230: -0.0029 | L230: 0.0015 | M230: 0.0011 | N230: -0.0013 | O230: -0.0006
A231: ='Peso Benchmark'!A231 -> 46244 | B231: 0.003 | E231: 0.0032 | F231: -0.0009 | G231: 0.0029 | H231: 0.0023 | I231: -0.0051 | J231: -0.0034 | K231: -0.0029 | L231: 0.0014 | M231: 0.0011 | N231: -0.0012 | O231: -0.0006
A232: ='Peso Benchmark'!A232 -> 46245 | B232: 0.003 | E232: 0.0032 | F232: -0.0008 | G232: 0.003 | H232: 0.0024 | I232: -0.0051 | J232: -0.0035 | K232: -0.0027 | L232: 0.0015 | M232: 0.0012 | N232: -0.0014 | O232: -0.0007
A233: ='Peso Benchmark'!A233 -> 46246 | B233: 0.003 | E233: 0.0033 | F233: -0.0006 | G233: 0.0028 | H233: 0.0028 | I233: -0.0052 | J233: -0.0037 | K233: -0.0032 | L233: 0.0015 | M233: 0.0013 | N233: -0.0013 | O233: -0.0006
A234: ='Peso Benchmark'!A234 -> 46247 | B234: -0.0276 | E234: 0.0059 | F234: 0.0031 | G234: 0.0073 | H234: 0.0062 | I234: -0.0009 | J234: 0.0004 | K234: 0.0004 | L234: 0.0033 | M234: 0.0025 | N234: -0.0005 | O234: -0.0001
A235: ='Peso Benchmark'!A235 -> 46248 | B235: -0.0275 | E235: 0.006 | F235: 0.0032 | G235: 0.0075 | H235: 0.0062 | I235: -0.0012 | J235: 0.0004 | K235: 0.0003 | L235: 0.0032 | M235: 0.0026 | N235: -0.0005 | O235: 0
A236: ='Peso Benchmark'!A236 -> 46251 | B236: -0.0275 | E236: 0.006 | F236: 0.0032 | G236: 0.0074 | H236: 0.0063 | I236: -0.0012 | J236: 0.0005 | K236: 0.0004 | L236: 0.0032 | M236: 0.0026 | N236: -0.0006 | O236: -0.0001
... A262: ='Peso Benchmark'!A262 -> 46287 | B262: 0.0027629119 | E262: 0.0029571603 | F262: -0.00083387297 | G262: 0.0029475117 | H262: 0.0024347209 | I262: -0.0049949119 | J262: -0.0033100587 | K262: -0.0027376258 | L262: 0.0014933848 | M262: 0.0011477291 | N262: -0.0012712323 | O262: -0.00059571702
A263: ='Peso Benchmark'!A263 -> 46288 | B263: =IF(AND(ISBLANK('Peso Benchmark'!M263),ISBLANK('Peso ETFPESOV'!B263)),"borrar",'Peso ETFPESOV'!B263-'Peso Benchmark'!M263) -> 0.0027551683 | E263: =IF(AND(ISBLANK('Peso Benchmark'!C263),ISBLANK('Peso ETFPESOV'!E263)),"borrar",'Peso ETFPESOV'!E263-'Peso Benchmark'!C263) -> 0.0031186603 | F263: =IF(AND(ISBLANK('Peso Benchmark'!F263),ISBLANK('Peso ETFPESOV'!I263)),"borrar",'Peso ETFPESOV'!I263-'Peso Benchmark'!F263) -> -0.00061890751 | G263: =IF(AND(ISBLANK('Peso Benchmark'!J263),ISBLANK('Peso ETFPESOV'!M263)),"borrar",'Peso ETFPESOV'!M263-'Peso Benchmark'!J263) -> 0.0029711844 | H263: =IF(AND(ISBLANK('Peso Benchmark'!H263),ISBLANK('Peso ETFPESOV'!K263)),"borrar",'Peso ETFPESOV'!K263-'Peso Benchmark'!H263) -> 0.0023071352 | I263: =IF(AND(ISBLANK('Peso Benchmark'!L263),ISBLANK('Peso ETFPESOV'!O263)),"borrar",'Peso ETFPESOV'!O263-'Peso Benchmark'!L263) -> -0.0052738113 | J263: =IF(AND(ISBLANK('Peso Benchmark'!B263),ISBLANK('Peso ETFPESOV'!D263)),"borrar",'Peso ETFPESOV'!D263-'Peso Benchmark'!B263) -> -0.0033403948 | K263: =IF(AND(ISBLANK('Peso Benchmark'!K263),ISBLANK('Peso ETFPESOV'!N263)),"borrar",'Peso ETFPESOV'!N263-'Peso Benchmark'!K263) -> -0.0028150914 | L263: =IF(AND(ISBLANK('Peso Benchmark'!I263),ISBLANK('Peso ETFPESOV'!L263)),"borrar",'Peso ETFPESOV'!L263-'Peso Benchmark'!I263) -> 0.0014494343 | M263: =IF(AND(ISBLANK('Peso Benchmark'!G263),ISBLANK('Peso ETFPESOV'!J263)),"borrar",'Peso ETFPESOV'!J263-'Peso Benchmark'!G263) -> 0.0011968159 | N263: =IF(AND(ISBLANK('Peso Benchmark'!D263),ISBLANK('Peso ETFPESOV'!F263)),"borrar",'Peso ETFPESOV'!F263-'Peso Benchmark'!D263) -> -0.0012192626 | O263: =IF(AND(ISBLANK('Peso Benchmark'!E263),ISBLANK('Peso ETFPESOV'!G263)),"borrar",'Peso ETFPESOV'!G263-'Peso Benchmark'!E263) -> -0.00053093093
A264: ='Peso Benchmark'!A264 -> 46289 | B264: =IF(AND(ISBLANK('Peso Benchmark'!M264),ISBLANK('Peso ETFPESOV'!B264)),"borrar",'Peso ETFPESOV'!B264-'Peso Benchmark'!M264) -> 0.0027535439 | E264: =IF(AND(ISBLANK('Peso Benchmark'!C264),ISBLANK('Peso ETFPESOV'!E264)),"borrar",'Peso ETFPESOV'!E264-'Peso Benchmark'!C264) -> 0.0033204984 | F264: =IF(AND(ISBLANK('Peso Benchmark'!F264),ISBLANK('Peso ETFPESOV'!I264)),"borrar",'Peso ETFPESOV'!I264-'Peso Benchmark'!F264) -> -0.00035417362 | G264: =IF(AND(ISBLANK('Peso Benchmark'!J264),ISBLANK('Peso ETFPESOV'!M264)),"borrar",'Peso ETFPESOV'!M264-'Peso Benchmark'!J264) -> 0.0033881315 | H264: =IF(AND(ISBLANK('Peso Benchmark'!H264),ISBLANK('Peso ETFPESOV'!K264)),"borrar",'Peso ETFPESOV'!K264-'Peso Benchmark'!H264) -> 0.0023587319 | I264: =IF(AND(ISBLANK('Peso Benchmark'!L264),ISBLANK('Peso ETFPESOV'!O264)),"borrar",'Peso ETFPESOV'!O264-'Peso Benchmark'!L264) -> -0.0054309285 | J264: =IF(AND(ISBLANK('Peso Benchmark'!B264),ISBLANK('Peso ETFPESOV'!D264)),"borrar",'Peso ETFPESOV'!D264-'Peso Benchmark'!B264) -> -0.0036382009 | K264: =IF(AND(ISBLANK('Peso Benchmark'!K264),ISBLANK('Peso ETFPESOV'!N264)),"borrar",'Peso ETFPESOV'!N264-'Peso Benchmark'!K264) -> -0.0029882398 | L264: =IF(AND(ISBLANK('Peso Benchmark'!I264),ISBLANK('Peso ETFPESOV'!L264)),"borrar",'Peso ETFPESOV'!L264-'Peso Benchmark'!I264) -> 0.0013392563 | M264: =IF(AND(ISBLANK('Peso Benchmark'!G264),ISBLANK('Peso ETFPESOV'!J264)),"borrar",'Peso ETFPESOV'!J264-'Peso Benchmark'!G264) -> 0.001266793 | N264: =IF(AND(ISBLANK('Peso Benchmark'!D264),ISBLANK('Peso ETFPESOV'!F264)),"borrar",'Peso ETFPESOV'!F264-'Peso Benchmark'!D264) -> -0.0013383061 | O264: =IF(AND(ISBLANK('Peso Benchmark'!E264),ISBLANK('Peso ETFPESOV'!G264)),"borrar",'Peso ETFPESOV'!G264-'Peso Benchmark'!E264) -> -0.00067710621
A265: ='Peso Benchmark'!A265 -> 46290 | B265: =IF(AND(ISBLANK('Peso Benchmark'!M265),ISBLANK('Peso ETFPESOV'!B265)),"borrar",'Peso ETFPESOV'!B265-'Peso Benchmark'!M265) -> 0.0027526115 | E265: =IF(AND(ISBLANK('Peso Benchmark'!C265),ISBLANK('Peso ETFPESOV'!E265)),"borrar",'Peso ETFPESOV'!E265-'Peso Benchmark'!C265) -> 0.0034516407 | F265: =IF(AND(ISBLANK('Peso Benchmark'!F265),ISBLANK('Peso ETFPESOV'!I265)),"borrar",'Peso ETFPESOV'!I265-'Peso Benchmark'!F265) -> -0.00029925246 | G265: =IF(AND(ISBLANK('Peso Benchmark'!J265),ISBLANK('Peso ETFPESOV'!M265)),"borrar",'Peso ETFPESOV'!M265-'Peso Benchmark'!J265) -> 0.0031101583 | H265: =IF(AND(ISBLANK('Peso Benchmark'!H265),ISBLANK('Peso ETFPESOV'!K265)),"borrar",'Peso ETFPESOV'!K265-'Peso Benchmark'!H265) -> 0.0022726218 | I265: =IF(AND(ISBLANK('Peso Benchmark'!L265),ISBLANK('Peso ETFPESOV'!O265)),"borrar",'Peso ETFPESOV'!O265-'Peso Benchmark'!L265) -> -0.0054236687 | J265: =IF(AND(ISBLANK('Peso Benchmark'!B265),ISBLANK('Peso ETFPESOV'!D265)),"borrar",'Peso ETFPESOV'!D265-'Peso Benchmark'!B265) -> -0.0035704275 | K265: =IF(AND(ISBLANK('Peso Benchmark'!K265),ISBLANK('Peso ETFPESOV'!N265)),"borrar",'Peso ETFPESOV'!N265-'Peso Benchmark'!K265) -> -0.0030178917 | L265: =IF(AND(ISBLANK('Peso Benchmark'!I265),ISBLANK('Peso ETFPESOV'!L265)),"borrar",'Peso ETFPESOV'!L265-'Peso Benchmark'!I265) -> 0.0012589942 | M265: =IF(AND(ISBLANK('Peso Benchmark'!G265),ISBLANK('Peso ETFPESOV'!J265)),"borrar",'Peso ETFPESOV'!J265-'Peso Benchmark'!G265) -> 0.0012706036 | N265: =IF(AND(ISBLANK('Peso Benchmark'!D265),ISBLANK('Peso ETFPESOV'!F265)),"borrar",'Peso ETFPESOV'!F265-'Peso Benchmark'!D265) -> -0.001250709 | O265: =IF(AND(ISBLANK('Peso Benchmark'!E265),ISBLANK('Peso ETFPESOV'!G265)),"borrar",'Peso ETFPESOV'!G265-'Peso Benchmark'!E265) -> -0.00055468072

Sheet Precios
A1: Fecha | B1: SB12AGO26 | C1: SB12AGO37 | D1: SB12AGO31 | E1: SB12FEB42 | F1: SB12FEB55 | G1: SB12AGO28 | H1: SB12AGO32 | I1: SB12FEB29 | J1: SB12AGO34 | K1: SB12AGO40 | L1: SB12AGO33 | M1: SB12AGO39 | N1: SB12AGO35
A2: 45748 | B2: -0.00076023758 | C2: 0.00093354971 | D2: 0.002041015 | E2: -0.0014203684 | F2: 0.0066413987 | G2: -0.0010054605 | H2: 0.0023358947 | I2: 0.00015041109 | J2: 0.0010875685 | K2: 6.5096946e-05 | L2: 0.0024657838 | M2: -0.0012034843
A3: 45749 | B3: -0.00010068226 | C3: 0.0038248953 | D3: 0.0023891034 | E3: 0.0053344723 | F3: 0.0068755695 | G3: -4.7031424e-05 | H3: 0.0023423765 | I3: 0.0012155603 | J3: 0.0026989754 | K3: 0.0053448347 | L3: 0.0021069793 | M3: 0.0028752362
A4: 45750 | B4: 0.00087488399 | C4: 0.014162854 | D4: 0.0068379701 | E4: 0.011252186 | F4: 0.038928649 | G4: 0.0022406824 | H4: 0.0089073964 | I4: 0.0025324521 | J4: 0.012559858 | K4: 0.010045323 | L4: 0.010879843 | M4: 0.010382981
A5: 45751 | B5: 0.00020500516 | C5: 0.0039451146 | D5: 0.0011081599 | E5: -0.00048593866 | F5: -0.00063975559 | G5: 0.00067201589 | H5: 0.0034640875 | I5: 0.0015058991 | J5: 0.0056092547 | K5: 0.0025736054 | L5: 0.0032627113 | M5: 0.0035512013
A6: 45754 | B6: -0.00018124056 | C6: -0.011571845 | D6: -0.0016090759 | E6: -0.010712054 | F6: 0.0070250738 | G6: 0.00015288412 | H6: -0.0045264511 | I6: 0.0002429828 | J6: -0.0095099228 | K6: -0.010646888 | L6: -0.0047436935 | M6: -0.011723924
A7: 45755 | B7: 0.00021449105 | C7: -0.0048196588 | D7: -7.1320994e-05 | E7: -0.0089431702 | F7: -0.011828897 | G7: 0.00069959581 | H7: -5.6075484e-05 | I7: 0.00081927233 | J7: -0.0029518063 | K7: -0.0072895997 | L7: -0.0060677342 | M7: -0.0046066657
A8: 45756 | B8: -0.00035772472 | C8: -0.0067316496 | D8: -0.001021723 | E8: 0.0096561114 | F8: 0.012807786 | G8: -0.00064850114 | H8: -0.0025619079 | I8: 0.0011584166 | J8: -0.0071333594 | K8: 0.0094793986 | L8: -0.0013846273 | M8: -0.0016195536
A9: 45757 | B9: -0.00035595431 | C9: 0.0055674431 | D9: 0.00073439004 | E9: -1.0231906e-06 | F9: -3.9087617e-06 | G9: -0.00064798422 | H9: 0.0025645426 | I9: -0.0013947664 | J9: 0.0026719171 | K9: -0.0069768053 | L9: 0.0014213992 | M9: 0.0029601415
A10: 45758 | B10: -0.00016617116 | C10: -0.0035216523 | D10: -0.0020495943 | E10: -1.0231917e-06 | F10: -2.9315827e-06 | G10: -0.00019893159 | H10: -0.0016794139 | I10: -0.00020279495 | J10: -0.0012341068 | K10: 0.0014588024 | L10: -0.0028227729 | M10: -0.0001715709
A11: 45761 | B11: -5.6032731e-05 | C11: 0.0084182785 | D11: 0.0015942048 | E11: 0.0014427017 | F11: 0.0019094431 | G11: 0.00045050076 | H11: 0.0012890268 | I11: -0.00033806014 | J11: 0.0030147226 | K11: 0.0014939049 | L11: 0.0031816613 | M11: 0.0032006355
A12: 45762 | B12: -0.00022889228 | C12: -0.0036752087 | D12: -0.0012069603 | E12: -0.00057829277 | F12: -0.00076953913 | G12: -0.00034804275 | H12: 0.0014103956 | I12: -0.0013203093 | J12: -0.0010160596 | K12: -0.00055877913 | L12: 0.00048612567 | M12: -0.0022236872
A13: 45763 | B13: -0.00028119348 | C13: -0.0015834898 | D13: -0.00053552816 | E13: -0.00182789 | F13: -0.0024285017 | G13: -0.00047485431 | H13: -0.0016354451 | I13: -0.00082223036 | J13: -0.00065696354 | K13: -0.0038776477 | L13: -0.00042386103 | M13: -0.0024174131
... A65: 45840 | B65: -0.00010523395 | C65: -0.0017558032 | D65: 0.0031809357 | E65: -0.003868562 | F65: 0 | G65: -5.5109387e-05 | H65: 0.0031548271 | I65: 0.0017131467 | J65: 0.0029492082 | K65: -0.00094560886 | L65: 0.0030086137 | M65: 0.00017652566
A66: 45841 | B66: -0.00074030311 | C66: -0.0015909571 | D66: 0.0025306346 | E66: 0.00048333489 | F66: -0.0031217545 | G66: -0.0025837452 | H66: 0.0011019209 | I66: -0.00027776803 | J66: -0.001185683 | K66: -0.0033430704 | L66: -0.002077341 | M66: -0.0037138949 | N66: 0.00037023074
A67: 45842 | B67: 0 | C67: 0.0017380869 | D67: 0.00089714449 | E67: 0 | F67: -0.0043560778 | G67: -0.00047388349 | H67: -0.00020205305 | I67: -3.698281e-05 | J67: 0.00066148434 | K67: 0.0022315111 | L67: -0.00026993023 | M67: 0.002288847 | N67: 0.0022340906
A68: 45845 | B68: 0 | C68: -0.0028613455 | D68: 0.00057321969 | E68: -9.9403579e-07 | F68: -0.0012430862 | G68: -0.00015834838 | H68: -0.0010306788 | I68: -0.00011000422 | J68: -0.0012431474 | K68: -0.0018367809 | L68: -0.0013664903 | M68: -0.0022967822 | N68: -0.0029927159
A69: 45846 | B69: 0 | C69: -0.0011669266 | D69: 0.0018774049 | E69: -0.0038608388 | F69: 0.0006233319 | G69: 0.001447852 | H69: 0.0012195944 | I69: 0.0016862847 | J69: -0.00032777313 | K69: 0.00019056304 | L69: 0.0010182506 | M69: 0.00080096568 | N69: -0.0021439326
A70: 45847 | B70: 0 | C70: 0.0045104865 | D70: 0.00074390941 | E70: 0.0038748048 | F70: 1.0145661e-06 | G70: -0.0022486462 | H70: 0.0024516124 | I70: -0.00031245059 | J70: 0.0014496329 | K70: 0.0053908545 | L70: 0.0017917997 | M70: 0.0042925648 | N70: 0.0015302404
A71: 45848 | B71: 0 | C71: -0.00053293917 | D71: -0.00070969157 | E71: 0 | F71: -0.0018637561 | G71: -0.00095381903 | H71: -0.0012717591 | I71: -0.00047355795 | J71: -0.0011464473 | K71: 0.00057897888 | L71: -0.00093405413 | M71: 0.0024357133 | N71: -0.0019710811
A72: 45849 | B72: -0.00077579965 | C72: -0.0022998326 | D72: 0.0019020495 | E72: -0.002896626 | F72: 0.00062207323 | G72: 0.00028163117 | H72: 0.0021633019 | I72: 0.00034491352 | J72: -0.0014028217 | K72: -0.0030477567 | L72: 0.00027809974 | M72: -0.0044733293 | N72: -0.0015745497
A73: 45852 | B73: -3.5454333e-05 | C73: 0.00098032171 | D73: -0.00014813092 | E73: -0.00096502387 | F73: -0.00061863901 | G73: 0.00058750492 | H73: 0.00016110626 | I73: 0.00074074004 | J73: -0.00063854197 | K73: -0.0012156035 | L73: -0.00052495023 | M73: -0.00075532462 | N73: -0.0012847379
A74: 45853 | B74: -0.00020698398 | C74: -0.0055212003 | D74: -0.00085528738 | E74: 0.00096595604 | F74: 0.0018692634 | G74: -0.00033016023 | H74: -0.0027220655 | I74: -0.0003577909 | J74: -0.0041251877 | K74: -0.0040690015 | L74: -0.0032419434 | M74: -0.0040248618 | N74: -0.0041158666
A75: 45854 | B75: -9.5845757e-07 | C75: -0.0034428411 | D75: 0.00055764077 | E75: -0.0051311755 | F75: -0.00062192525 | G75: 0.00022612186 | H75: 0.00018459426 | I75: 0.00028122204 | J75: -0.0021570374 | K75: -0.0027581197 | L75: -0.00028090919 | M75: -0.0024816917 | N75: -0.0011540422
A76: 45855 | B76: -0.00010447198 | C76: -0.0035827251 | D76: -0.00062279125 | E76: -0.0016033076 | F76: -0.0006202819 | G76: -5.253096e-05 | H76: -0.00075073704 | I76: -3.7864374e-05 | J76: -0.000210431 | K76: -0.0040205563 | L76: -0.00087510353 | M76: -0.002871124 | N76: -0.0017985541
A77: 45856 | B77: -5.2720725e-05 | C77: -0.0015921839 | D77: -0.00092703616 | E77: 0.0096955147 | F77: -0.003100287 | G77: 8.7243499e-05 | H77: -0.001688263 | I77: 0.00012117058 | J77: -0.0013638374 | K77: -0.0040474033 | L77: -0.0013115074 | M77: -0.004556347 | N77: -0.0021631329
... A86: 45874 | B86: -0.00078776801 | C86: 0.0015071133 | D86: -0.00024790552 | E86: 0 | F86: 0.0018846543 | G86: -0.0004633025 | H86: -0.00056100258 | I86: 2.8396452e-06 | J86: 0.003138194 | K86: 0.004444357 | L86: 0.00014480531 | M86: 0.0042530638 | N86: 0.0036488934
A87: 45875
A88: 45876 | B88: -0.00019877776 | C88: 0.0041314844 | D88: -4.3598591e-05 | E88: 0.0092750718 | F88: 0.0082164766 | G88: -0.00024207986 | H88: 0.0015060903 | I88: 3.8808375e-05 | J88: 0.0031200007 | K88: 0.0065874649 | L88: 0.0021872453 | M88: 0.0045217323 | N88: 0.0047539854
A89: 45877 | B89: -0.00021130339 | C89: 0.0031588505 | D89: 0.00013352651 | E89: -0.00051114482 | F89: 9.9190801e-07 | G89: -5.2557189e-05 | H89: -0.00070274002 | I89: -0.00019687387 | J89: 0.0024454446 | K89: 0.0027854164 | L89: -7.4505696e-05 | M89: 0.0021126271 | N89: 0.0025255094
A90: 45880 | B90: -0.00045631964 | C90: -0.00056944128 | D90: -0.00027973247 | E90: 0.0038913899 | F90: 2.9757211e-06 | G90: 0.0012051246 | H90: -0.0001834524 | I90: -0.0012146102 | J90: 0.0010880305 | K90: -0.0011409958 | L90: 0.00049340984 | M90: 0.00025612457 | N90: 0.0021190699
A91: 45881 | B91: 6.8238917e-05 | C91: 0.0033622972 | D91: -0.000173519 | E91: 0.0018210439 | F91: 0.0023666831 | G91: -0.0014127233 | H91: 0.0020021005 | I91: 0.00027677122 | J91: -0.00075195321 | K91: 0.0018249344 | L91: 0.00095817803 | M91: -9.4288868e-05 | N91: 0.0024058941
A92: 45882 | B92: -0.00010475401 | C92: 0.0043735586 | D92: 0.00097042123 | E92: 0.0010939523 | F92: 0.0014249694 | G92: 0.00076227884 | H92: 0.0038827044 | I92: -0.0016061555 | J92: 0.0040758847 | K92: 0.0050710611 | L92: 0.0037156237 | M92: 0.0065120923 | N92: 0.0040217964
A93: 45883 | B93: -9.4192368e-05 | C93: -0.002521592 | D93: -0.00047112392 | E93: -0.00022867129 | F93: -0.0025257216 | G93: -0.0011387951 | H93: -0.00030401865 | I93: -0.0012898388 | J93: -0.0027366333 | K93: -0.0031126823 | L93: 3.7063889e-05 | M93: -0.0043674981 | N93: -0.0029798283
A94: 45884 | B94: -0.00010285238 | C94: -0.002009434 | D94: -0.0012133299 | E94: 0.00070660992 | F94: 0.0057051887 | G94: -0.00068555866 | H94: -0.00053314478 | I94: -0.00058350542 | J94: -0.00063094499 | K94: -0.0010514325 | L94: 0.00039412821 | M94: -0.00064300732 | N94: -0.0017732522
A95: 45887 | B95: -0.00082674898 | C95: -0.0038150656 | D95: -0.0014257578 | E95: -0.0034089793 | F95: 0.00062746813 | G95: -0.0009923926 | H95: -0.0018541656 | I95: -0.0014348921 | J95: -0.0029424552 | K95: -0.0049331358 | L95: -0.0037653331 | M95: -0.0048261194 | N95: -0.0046226504
A96: 45888 | B96: -0.0001039102 | C96: -0.002028961 | D96: -0.0015470799 | E96: -0.0027452955 | F96: -0.0035754084 | G96: -0.00020695384 | H96: -0.0018385575 | I96: -0.00047136662 | J96: -0.00044960792 | K96: -0.002705704 | L96: -0.0017959053 | M96: -0.0032002404 | N96: -0.00051058482
A97: 45889 | B97: -0.0004772668 | C97: -0.0029002377 | D97: -0.0021787526 | E97: -0.0016235275 | F97: 0.00041395145 | G97: -5.1749169e-05 | H97: -0.0021110778 | I97: -0.00030010203 | J97: -0.0026205877 | K97: -0.0026486946 | L97: -0.0020653723 | M97: -0.0022380546 | N97: -0.0030229028
A98: 45890 | B98: -0.00019638895 | C98: -0.0031175514 | D98: -0.00021935637 | E98: 0.0019388545 | F98: -0.0025261328 | G98: -0.0016673504 | H98: -0.001472847 | I98: 0.0003545126 | J98: -0.0038025639 | K98: -0.0057550393 | L98: -0.001454125 | M98: -0.0032093222 | N98: -0.0015275703
A99: 45891 | B99: 0.00031678752 | C99: 0.0057944167 | D99: 0.0030524651 | E99: 0.0058415055 | F99: 0.0095410457 | G99: 0.0018379026 | H99: 0.0053139014 | I99: 0.00058778699 | J99: 0.0052382418 | K99: 0.0089287784 | L99: 0.006160535 | M99: 0.0086839929 | N99: 0.00526369
... A131: 45937 | B131: -0.0011243341 | C131: -0.0010026025 | D131: 0.00076589064 | E131: -0.0031186155 | F131: -0.0040708854 | G131: 0.00021104534 | H131: 0.00060058299 | I131: 0.00026629583 | J131: 0.00049661474 | K131: -0.0025955594 | L131: 0.00013917972 | M131: -0.0021040881 | N131: -0.00062819673
A132: 45938
A133: 45939 | B133: -0.00060683664 | C133: -0.00521319 | D133: -0.0018144245 | E133: -0.0019428835 | F133: -0.0025299051 | G133: -0.0016444816 | H133: -0.0010085629 | I133: -0.0012700551 | J133: -0.0028954814 | K133: -0.0045294083 | L133: -0.0024994995 | M133: -0.0038435497 | N133: -0.0042415691
A134: 45940 | B134: 3.7768739e-05 | C134: -0.0033387352 | D134: 4.4511949e-05 | E134: -0.0039127397 | F134: -0.0050972585 | G134: -0.00056201605 | H134: -0.0014684816 | I134: 0.00086848102 | J134: -0.0029256687 | K134: -0.0038580686 | L134: -0.0013149853 | M134: -0.0039710465 | N134: -0.0033298973
A135: 45943 | B135: -0.00029439136 | C135: 0.00018616052 | D135: 0.00033155384 | E135: 0.00072093277 | F135: 0.00094807648 | G135: -0.00039638249 | H135: -0.00018098741 | I135: -0.00040283935 | J135: -0.00018722638 | K135: 0.0007677473 | L135: -0.00077146447 | M135: 0.0017115762 | N135: -0.00038653296
A136: 45944 | B136: 0.0008727787 | C136: 0.0017885533 | D136: -0.00011169207 | E136: 0.0061137786 | F136: 0.0055693699 | G136: 0.00046768913 | H136: 0.0010870688 | I136: 0.00056534835 | J136: -0.00028401318 | K136: 0.0010103201 | L136: 0.0004103824 | M136: 0.0011375585 | N136: 0.0013093603
A137: 45945 | B137: -0.00010355814 | C137: 0.0032978358 | D137: 0.00073561531 | E137: -0.002906718 | F137: 0.011500819 | G137: 0.0004674705 | H137: 0.0027445426 | I137: 0.0010136161 | J137: 0.0033831105 | K137: 0.0020277244 | L137: 0.0023188364 | M137: 0.0018592602 | N137: 0.0033379439
A138: 45946 | B138: -0.00010356887 | C138: -0.002028331 | D138: 0.00040928227 | E138: -0.0012120753 | F138: -0.0015922158 | G138: 0.00020945783 | H138: 0.0015861372 | I138: -0.00018402053 | J138: 0.0025337041 | K138: -0.0011825322 | L138: 0.0020364309 | M138: -0.0004752571 | N138: 0.0014109532
A139: 45947 | B139: -0.00010357959 | C139: -0.00069101487 | D139: 0.0010658757 | E139: 0.0050990318 | F139: -0.00031836685 | G139: 0.00033733652 | H139: 0.00035820096 | I139: -3.5285041e-05 | J139: 0.00099829927 | K139: 0.00061874419 | L139: 0.0022082328 | M139: 0.00062228271 | N139: 0.0013471268
A140: 45950 | B140: -0.00059927487 | C140: 0.0027795105 | D140: -0.00028272266 | E140: 0.0008448828 | F140: 0.0011180475 | G140: -0.00078148533 | H140: 0.00081697114 | I140: -0.00040340808 | J140: 0.0042951233 | K140: 0.00088939299 | L140: 0.0027748096 | M140: 0.001848156 | N140: 0.0032492765
A141: 45951 | B141: 0.00018502445 | C141: 0.0031479386 | D141: -0.00048312113 | E141: 0.00011493842 | F141: 0.0052736644 | G141: 0.00022657099 | H141: -0.00016665035 | I141: 0.00071078088 | J141: 0.001134019 | K141: 0.0042973781 | L141: 0.00030279455 | M141: 0.002807183 | N141: 0.00071782886
A142: 45952 | B142: -0.00014237467 | C142: -0.0037379835 | D142: -0.00097396414 | E142: -0.0029069318 | F142: -0.0038234534 | G142: 6.255355e-05 | H142: -0.0013428418 | I142: -0.00033273333 | J142: -0.0037435744 | K142: -0.0021445929 | L142: -0.0015340518 | M142: -0.0015438533 | N142: -0.0024046105
A143: 45953 | B143: -2.5185501e-05 | C143: -0.00035802344 | D143: -0.0002087804 | E143: 0.0024243399 | F143: 0 | G143: -4.7386089e-05 | H143: 0.00091654793 | I143: -0.00018406564 | J143: 0.00027650958 | K143: 0.00082766419 | L143: 8.5852877e-05 | M143: -0.00014901306 | N143: 0.0018374489
A144: 45954 | B144: -0.00021989433 | C144: 0.003315075 | D144: -0.00015071645 | E144: -0.0039460882 | F144: -0.0066581958 | G144: 8.0560168e-05 | H144: -0.00050966911 | I144: 0.00011351214 | J144: 0.0032800649 | K144: 0.0028292009 | L144: 3.1297841e-05 | M144: 0.0032493369 | N144: 0.0015452848
... A217: 46063 | B217: -0.00014755614 | C217: -0.0001780114 | D217: 0.00050479982 | E217: 0.00069263573 | F217: 0.00062021157 | G217: 0.00042834506 | H217: 0.00066051657 | I217: 1.0827225e-05 | J217: -0.0007430672 | K217: -0.00050242282 | L217: -0.00068604684 | M217: 0.00012711984 | N217: 8.3644677e-05
A218: 46064 | B218: -9.8243838e-05 | C218: -0.00089820344 | D218: -0.00059931757 | E218: -0.00028172879 | F218: 2.9254316e-05 | H218: 0.00018151602 | I218: 0.00012311875 | J218: -0.00048033352 | K218: -0.00099050706 | L218: 0.0001283148 | M218: -0.0010903328 | N218: -0.00076203221
A219: 46065 | B219: -0.00030390344 | C219: -0.00064594285 | D219: 8.3657252e-05 | E219: -0.00036788079 | F219: -0.00089393677 | H219: -0.00021881397 | I219: -0.00014567315 | J219: -0.0017437067 | K219: -0.0016208463 | L219: -0.0010205406 | M219: -0.0003868448 | N219: -0.00036270635
A220: 46066 | B220: 1.6988421e-06 | C220: -0.00037715982 | D220: -0.00025053624 | E220: 0.00027742275 | F220: 0.00012391109 | H220: -0.00018507337 | I220: -0.00046633596 | J220: -0.00029093085 | K220: 0.00017110975 | L220: 0.00056618453 | M220: -0.0008471464 | N220: 0.00077219359
A221: 46069 | B221: -2.9396763e-10 | C221: 2.8470848e-10 | D221: 2.6675195e-10 | E221: 0 | F221: 2.7911495e-10 | H221: 2.7550273e-10 | I221: 0 | J221: 0 | K221: 0 | L221: -2.6189328e-10 | M221: -2.7286906e-10 | N221: 0
A222: 46070 | B222: -0.00051983284 | C222: 0.00017332417 | D222: -7.3831002e-05 | E222: 0.00048865099 | F222: 0.0003836592 | H222: 0.00018314825 | I222: 0.00028788225 | J222: 0.0010065064 | K222: 0.000799008 | L222: 0.00073743299 | M222: 0.00053885585 | N222: 0.0023054969
A223: 46071 | B223: -3.3595138e-05 | C223: -0.00076105167 | D223: -0.00022708204 | E223: -0.0035911189 | F223: -0.0038850627 | H223: -0.00091098244 | I223: 0.00041034122 | J223: 0.0013350248 | K223: -0.0025599954 | L223: 0.001902008 | M223: -0.00055708048 | N223: 2.7824926e-05
A224: 46072 | B224: -0.00017517106 | C224: 0.00032238445 | D224: 4.8000197e-05 | E224: 0.0013995508 | F224: 0.0011234037 | H224: 0.00026743249 | I224: 7.7166612e-05 | J224: -0.0004848133 | K224: 0.00035800669 | L224: 0.00020852737 | M224: 0.00025413682 | N224: -0.0021517344
A225: 46073 | B225: -0.00011692096 | C225: -0.0011138851 | D225: -0.0011225393 | E225: -0.00041905677 | F225: -0.00011349819 | H225: -0.00095576196 | I225: -0.00036282581 | J225: 3.8874494e-05 | K225: -0.0022951243 | L225: 0.00010857989 | M225: -0.00092062543 | N225: -0.0010038294
A226: 46076 | B226: -0.00016070756 | C226: 0.00038840336 | D226: -0.00065019824 | E226: -0.0012765931 | F226: -0.00054594761 | H226: -0.0011024094 | I226: -1.9123088e-05 | J226: -0.00021958069 | K226: -0.0008237411 | L226: -0.00075968681 | M226: -0.0010652531 | N226: 0.0008559732
A227: 46077 | B227: -7.6377706e-05 | C227: 0.00054395257 | D227: -0.00035630176 | E227: -0.00025934132 | F227: -0.00030951847 | H227: -0.00034929847 | I227: -2.422085e-05 | J227: -0.00044385575 | K227: -0.000418189 | L227: -0.00048738913 | M227: -0.00018317311 | N227: 0.00018592199
A228: 46078 | B228: -0.00012572562 | C228: -0.00016083736 | D228: -0.00035907288 | E228: -0.00088373476 | F228: -0.0012577189 | H228: -0.00050264124 | I228: -0.00011252672 | J228: -0.0001187296 | K228: 0.00012366621 | L228: -5.0256123e-06 | M228: -6.6253326e-05 | N228: -0.0012361514
A229: 46079 | B229: -0.0003431808 | C229: -0.00037078946 | D229: -0.00040390154 | E229: -0.00076106863 | F229: -0.0014099119 | H229: -0.00030005319 | I229: -0.00031219094 | J229: -0.00077763477 | K229: 7.9916967e-05 | L229: -0.00077071922 | M229: 0.000134004 | N229: -0.0024102216
... A341: 46246 | B341: -1 | C341: 0.00081702876 | D341: -0.00033137788 | E341: 0.00075722508 | F341: 0.00013463729 | H341: -0.0013339109 | I341: -0.00012423117 | J341: 0.00098340675 | K341: 0.0013349531 | L341: -0.00011663401 | M341: 0.0012166745 | N341: 0.001868945
A342: 46247 | C342: 0.00089430704 | D342: -0.00055849071 | E342: -0.00048519485 | F342: -0.00049533059 | H342: -0.00080352982 | I342: -0.000178386 | J342: 0.0011597144 | K342: 0.0018473037 | L342: -0.00025087477 | M342: 0.00080132981 | N342: 0.0021605056
A343: 46248 | C343: 0.00043901187 | D343: 0.00067655649 | E343: -0.00021507567 | F343: 0.00069137259 | H343: 0.0001477102 | I343: -5.9346609e-05 | J343: 0.00098291108 | K343: 0.00031684783 | L343: 0.0012973754 | M343: 0.00020909518 | N343: -0.00028491381
A344: 46251 | C344: 0.00013141215 | D344: -0.00077032616 | E344: -0.0048652888 | F344: -0.0055389598 | H344: -0.0010667975 | I344: -0.0010125435 | J344: 0.00039936311 | K344: -0.00030901538 | L344: -0.00087802669 | M344: -0.00055218502 | N344: -0.00051299102
A345: 46252 | C345: -0.00042970992 | D345: 6.0552199e-05 | E345: -0.00064039231 | F345: -0.0017488394 | H345: -8.4060856e-05 | I345: -0.00026173325 | J345: -0.0016393977 | K345: -0.0027635578 | L345: 0.00045255911 | M345: -0.0012979403 | N345: -0.0014637253
A346: 46253 | C346: -0.0022147121 | D346: -0.0012935474 | E346: 9.8127773e-05 | F346: 0.00014347148 | H346: -0.00067814971 | I346: -1.3878583e-05 | J346: -0.0014469696 | K346: -6.0633368e-05 | L346: -0.0017090939 | M346: -0.0014939261 | N346: -0.0039787925
A347: 46254 | C347: -0.00031660638 | D347: 9.2274932e-05 | E347: -0.0029832273 | F347: -0.0037368199 | H347: 2.2223384e-05 | I347: -0.00042860385 | J347: -0.00087255936 | K347: -0.0018513976 | L347: -0.0006422773 | M347: -0.0012256038 | N347: 0.00091743996
A348: 46255 | C348: -0.0051942434 | D348: 0.00016300609 | E348: 0.001611966 | F348: 0.00087937618 | H348: 0.00039530678 | I348: 0.00085741734 | J348: -0.0035594718 | K348: -0.0053003665 | L348: -0.0023476503 | M348: -0.0047392885 | N348: -0.0051940612
A349: 46258 | C349: 0.000973202 | D349: -0.00084817958 | E349: -0.0054533516 | F349: -0.0053264509 | H349: 0.00028694603 | I349: -0.0012166844 | J349: 0.00023649065 | K349: 0.001129951 | L349: -0.00032271773 | M349: 0.00075320731 | N349: -0.0010077646
A350: 46259 | C350: -0.0019752611 | D350: 0.0006369168 | E350: 0.00069111669 | F350: 0.0010625265 | H350: 0.00064066227 | I350: 0.00037789718 | J350: -0.0014240823 | K350: -0.0019157732 | L350: -0.00073582446 | M350: -0.0010653329 | N350: 0.00094152912
A351: 46260 | C351: 0.00024183422 | D351: 0.00023710067 | E351: 0.00028742961 | F351: -0.00021843138 | H351: 0.0006208289 | I351: 0.00019031294 | J351: 3.5164151e-05 | K351: 0.0019933583 | L351: -0.00025752646 | M351: 0.0007680432 | N351: -0.00042232972
A352: 46261 | C352: 5.8201571e-05 | D352: 0.00048083309 | E352: -0.0021644658 | F352: 0.00023723723 | H352: 0.00059117122 | I352: 0.00012380136 | J352: 3.7334742e-05 | K352: 0.00025687567 | L352: 3.7999026e-05 | M352: 0.00074334763 | N352: -0.00048972537
A353: 46262 | C353: 0.00028523037 | D353: 0.00047321624 | E353: 0.00092884069 | F353: 0.00044722884 | H353: 0.00058796178 | I353: -0.00048044379 | J353: 0.00032989856 | K353: 0.0012665639 | L353: 0.00014943136 | M353: 0.0013342413 | N353: -0.00093189482
... A373: 46290 | C373: -0.0036159822 | D373: -0.00067676809 | E373: -0.00045304226 | F373: 0.00047419333 | H373: -0.00024363221 | I373: -0.0013040848 | J373: -0.0032759345 | K373: -0.0050785607 | L373: -0.0024593858 | M373: -0.0041406436 | N373: -0.0049041814

Sheet Vencimientos
A1: Fecha | B1: ETFPESOV | C1: Benchmark | D1: 46246 | E1: 50264 | F1: 48072 | G1: 51909 | H1: 56657 | I1: 46977 | J1: 48438 | K1: 47161 | L1: 49168 | M1: 51360 | N1: 48803 | O1: 50994 | P1: 49533 | Q1: 50264 | R1: 48072 | S1: 51909 | T1: 56657 | U1: 48438 | V1: 47161 | W1: 49168 | X1: 51360 | Y1: 48803 | Z1: 50994 | AA1: 49533 | AB1: Cash | AC1: 46246 | AD1: 46977
A2: 45908 | B2: =SUMPRODUCT($D$1:$P$1,'Peso ETFPESOV'!C2:O2) -> 49232.874 | C2: =SUMPRODUCT($Q$1:$AD$1,'Peso Benchmark'!B2:O2) -> 49334.952
A3: 45909 | B3: =SUMPRODUCT($D$1:$P$1,'Peso ETFPESOV'!C3:O3) -> 49245.963 | C3: =SUMPRODUCT($Q$1:$AD$1,'Peso Benchmark'!B3:O3) -> 49331.459
A4: 45910 | B4: =SUMPRODUCT($D$1:$P$1,'Peso ETFPESOV'!C4:O4) -> 49239.635 | C4: =SUMPRODUCT($Q$1:$AD$1,'Peso Benchmark'!B4:O4) -> 49330.158
A5: 45911 | B5: =SUMPRODUCT($D$1:$P$1,'Peso ETFPESOV'!C5:O5) -> 49225.578 | C5: =SUMPRODUCT($Q$1:$AD$1,'Peso Benchmark'!B5:O5) -> 49330.688
A6: 45912 | B6: =SUMPRODUCT($D$1:$P$1,'Peso ETFPESOV'!C6:O6) -> 49223.989 | C6: =SUMPRODUCT($Q$1:$AD$1,'Peso Benchmark'!B6:O6) -> 49446.865
A7: 45915 | B7: =SUMPRODUCT($D$1:$P$1,'Peso ETFPESOV'!C7:O7) -> 49216.429 | C7: =SUMPRODUCT($Q$1:$AD$1,'Peso Benchmark'!B7:O7) -> 49456.684
A8: 45916
A9: 45917 | B9: =SUMPRODUCT($D$1:$P$1,'Peso ETFPESOV'!C9:O9) -> 49226.355 | C9: =SUMPRODUCT($Q$1:$AD$1,'Peso Benchmark'!B9:O9) -> 49335.933
A10: 45918 | B10: =SUMPRODUCT($D$1:$P$1,'Peso ETFPESOV'!C10:O10) -> 49225.478 | C10: =SUMPRODUCT($Q$1:$AD$1,'Peso Benchmark'!B10:O10) -> 49329.286
A11: 45919 | B11: =SUMPRODUCT($D$1:$P$1,'Peso ETFPESOV'!C11:O11) -> 49212.608 | C11: =SUMPRODUCT($Q$1:$AD$1,'Peso Benchmark'!B11:O11) -> 49323.529
A12: 45922 | B12: =SUMPRODUCT($D$1:$P$1,'Peso ETFPESOV'!C12:O12) -> 49232.513 | C12: =SUMPRODUCT($Q$1:$AD$1,'Peso Benchmark'!B12:O12) -> 49334.166
A13: 45923 | B13: =SUMPRODUCT($D$1:$P$1,'Peso ETFPESOV'!C13:O13) -> 49227.687 | C13: =SUMPRODUCT($Q$1:$AD$1,'Peso Benchmark'!B13:O13) -> 49324.35
A14: 45924 | B14: =SUMPRODUCT($D$1:$P$1,'Peso ETFPESOV'!C14:O14) -> 49228.016 | C14: =SUMPRODUCT($Q$1:$AD$1,'Peso Benchmark'!B14:O14) -> 49335.499
A15: 45925 | B15: =SUMPRODUCT($D$1:$P$1,'Peso ETFPESOV'!C15:O15) -> 49227.285 | C15: =SUMPRODUCT($Q$1:$AD$1,'Peso Benchmark'!B15:O15) -> 49330.582
A16: 45926 | B16: =SUMPRODUCT($D$1:$P$1,'Peso ETFPESOV'!C16:O16) -> 49224.213 | C16: =SUMPRODUCT($Q$1:$AD$1,'Peso Benchmark'!B16:O16) -> 49321.023
A17: 45929 | B17: =SUMPRODUCT($D$1:$P$1,'Peso ETFPESOV'!C17:O17) -> 49230.134 | C17: =SUMPRODUCT($Q$1:$AD$1,'Peso Benchmark'!B17:O17) -> 49326.104
A18: 45930 | B18: =SUMPRODUCT($D$1:$P$1,'Peso ETFPESOV'!C18:O18) -> 49227.902 | C18: =SUMPRODUCT($Q$1:$AD$1,'Peso Benchmark'!B18:O18) -> 49321.296
A19: 45931 | B19: =SUMPRODUCT($D$1:$P$1,'Peso ETFPESOV'!C19:O19) -> 49233.859 | C19: =SUMPRODUCT($Q$1:$AD$1,'Peso Benchmark'!B19:O19) -> 49332.846
A20: 45932 | B20: =SUMPRODUCT($D$1:$P$1,'Peso ETFPESOV'!C20:O20) -> 49233.476 | C20: =SUMPRODUCT($Q$1:$AD$1,'Peso Benchmark'!B20:O20) -> 49334.563
A21: 45933 | B21: =SUMPRODUCT($D$1:$P$1,'Peso ETFPESOV'!C21:O21) -> 49233.476 | C21: =SUMPRODUCT($Q$1:$AD$1,'Peso Benchmark'!B21:O21) -> 49337.503
A22: 45936 | C22: =SUMPRODUCT($Q$1:$AD$1,'Peso Benchmark'!B22:O22) -> 49343.096
A23: 45937 | B23: =SUMPRODUCT($D$1:$P$1,'Peso ETFPESOV'!C23:O23) -> 49219.844 | C23: =SUMPRODUCT($Q$1:$AD$1,'Peso Benchmark'!B23:O23) -> 49333.189
A24: 45938
A25: 45939 | B25: =SUMPRODUCT($D$1:$P$1,'Peso ETFPESOV'!C25:O25) -> 48992.031 | C25: =SUMPRODUCT($Q$1:$AD$1,'Peso Benchmark'!B25:O25) -> 49333.117
A26: 45940 | B26: =SUMPRODUCT($D$1:$P$1,'Peso ETFPESOV'!C26:O26) -> 49226.428 | C26: =SUMPRODUCT($Q$1:$AD$1,'Peso Benchmark'!B26:O26) -> 49332.039
A27: 45943 | B27: =SUMPRODUCT($D$1:$P$1,'Peso ETFPESOV'!C27:O27) -> 49236.882 | C27: =SUMPRODUCT($Q$1:$AD$1,'Peso Benchmark'!B27:O27) -> 49250.503
A28: 45944 | B28: =SUMPRODUCT($D$1:$P$1,'Peso ETFPESOV'!C28:O28) -> 49238.636 | C28: =SUMPRODUCT($Q$1:$AD$1,'Peso Benchmark'!B28:O28) -> 49335.952
A29: 45945 | B29: =SUMPRODUCT($D$1:$P$1,'Peso ETFPESOV'!C29:O29) -> 49224.652 | C29: =SUMPRODUCT($Q$1:$AD$1,'Peso Benchmark'!B29:O29) -> 49332.208
A30: 45946 | B30: =SUMPRODUCT($D$1:$P$1,'Peso ETFPESOV'!C30:O30) -> 49233.755 | C30: =SUMPRODUCT($Q$1:$AD$1,'Peso Benchmark'!B30:O30) -> 49337.38
A31: 45947 | B31: =SUMPRODUCT($D$1:$P$1,'Peso ETFPESOV'!C31:O31) -> 49233.938 | C31: =SUMPRODUCT($Q$1:$AD$1,'Peso Benchmark'!B31:O31) -> 49327.675
A32: 45950 | B32: =SUMPRODUCT($D$1:$P$1,'Peso ETFPESOV'!C32:O32) -> 49234.96 | C32: =SUMPRODUCT($Q$1:$AD$1,'Peso Benchmark'!B32:O32) -> 49332.518
A33: 45951 | B33: =SUMPRODUCT($D$1:$P$1,'Peso ETFPESOV'!C33:O33) -> 49242.16 | C33: =SUMPRODUCT($Q$1:$AD$1,'Peso Benchmark'!B33:O33) -> 49332.518
A34: 45952 | B34: =SUMPRODUCT($D$1:$P$1,'Peso ETFPESOV'!C34:O34) -> 49230.518 | C34: =SUMPRODUCT($Q$1:$AD$1,'Peso Benchmark'!B34:O34) -> 49338.914
A35: 45953 | B35: =SUMPRODUCT($D$1:$P$1,'Peso ETFPESOV'!C35:O35) -> 49240.626 | C35: =SUMPRODUCT($Q$1:$AD$1,'Peso Benchmark'!B35:O35) -> 49338.987
A36: 45954 | B36: =SUMPRODUCT($D$1:$P$1,'Peso ETFPESOV'!C36:O36) -> 49236.092 | C36: =SUMPRODUCT($Q$1:$AD$1,'Peso Benchmark'!B36:O36) -> 49334.655
... A134: 46098 | B134: =SUMPRODUCT($D$1:$P$1,'Peso ETFPESOV'!C134:O134) -> 49253.509 | C134: =SUMPRODUCT($Q$1:$AD$1,'Peso Benchmark'!B134:O134) -> 49566.247
A135: 46099
A136: 46100
A137: 46101
A138: 46104
A139: 46105
A140: 46106
A141: 46107
A142: 46108
A143: 46111
A144: 46112
A145: 46113
A146: 46118
A147: 46119
A148: 46120 | B148: =SUMPRODUCT($D$1:$P$1,'Peso ETFPESOV'!C148:O148) -> 49243.771 | C148: =SUMPRODUCT($Q$1:$AD$1,'Peso Benchmark'!B148:O148) -> 49574.456
A149: 46121 | B149: =SUMPRODUCT($D$1:$P$1,'Peso ETFPESOV'!C149:O149) -> 49249.837 | C149: =SUMPRODUCT($Q$1:$AD$1,'Peso Benchmark'!B149:O149) -> 49573.981
A150: 46122 | B150: =SUMPRODUCT($D$1:$P$1,'Peso ETFPESOV'!C150:O150) -> 49250.659 | C150: =SUMPRODUCT($Q$1:$AD$1,'Peso Benchmark'!B150:O150) -> 49570.249
A151: 46125 | B151: =SUMPRODUCT($D$1:$P$1,'Peso ETFPESOV'!C151:O151) -> 49265.57 | C151: =SUMPRODUCT($Q$1:$AD$1,'Peso Benchmark'!B151:O151) -> 49575.495
A152: 46126 | B152: =SUMPRODUCT($D$1:$P$1,'Peso ETFPESOV'!C152:O152) -> 49248.446 | C152: =SUMPRODUCT($Q$1:$AD$1,'Peso Benchmark'!B152:O152) -> 49585.872
A153: 46127 | B153: =SUMPRODUCT($D$1:$P$1,'Peso ETFPESOV'!C153:O153) -> 49246.583 | C153: =SUMPRODUCT($Q$1:$AD$1,'Peso Benchmark'!B153:O153) -> 49569.168
A154: 46128 | B154: =SUMPRODUCT($D$1:$P$1,'Peso ETFPESOV'!C154:O154) -> 49253.125 | C154: =SUMPRODUCT($Q$1:$AD$1,'Peso Benchmark'!B154:O154) -> 49571.912
A155: 46129 | B155: =SUMPRODUCT($D$1:$P$1,'Peso ETFPESOV'!C155:O155) -> 49259.613 | C155: =SUMPRODUCT($Q$1:$AD$1,'Peso Benchmark'!B155:O155) -> 49568.621
A156: 46132 | B156: =SUMPRODUCT($D$1:$P$1,'Peso ETFPESOV'!C156:O156) -> 49255.425 | C156: =SUMPRODUCT($Q$1:$AD$1,'Peso Benchmark'!B156:O156) -> 49569.588
A157: 46133 | B157: =SUMPRODUCT($D$1:$P$1,'Peso ETFPESOV'!C157:O157) -> 49259.976 | C157: =SUMPRODUCT($Q$1:$AD$1,'Peso Benchmark'!B157:O157) -> 49575.161
A158: 46134 | B158: =SUMPRODUCT($D$1:$P$1,'Peso ETFPESOV'!C158:O158) -> 49265.314 | C158: =SUMPRODUCT($Q$1:$AD$1,'Peso Benchmark'!B158:O158) -> 49570.189
A159: 46135 | B159: =SUMPRODUCT($D$1:$P$1,'Peso ETFPESOV'!C159:O159) -> 49252.773 | C159: =SUMPRODUCT($Q$1:$AD$1,'Peso Benchmark'!B159:O159) -> 49575.472
... A223: 46230 | B223: =SUMPRODUCT($D$1:$P$1,'Peso ETFPESOV'!C223:O223) -> 49384.804 | C223: =SUMPRODUCT($Q$1:$AD$1,'Peso Benchmark'!B223:O223) -> 49569.758
A224: 46232
A225: 46233 | B225: =SUMPRODUCT($D$1:$P$1,'Peso ETFPESOV'!C225:O225) -> 49390.104 | C225: =SUMPRODUCT($Q$1:$AD$1,'Peso Benchmark'!B225:O225) -> 49564.877
A226: 46234 | B226: =SUMPRODUCT($D$1:$P$1,'Peso ETFPESOV'!C226:O226) -> 49389.685 | C226: =SUMPRODUCT($Q$1:$AD$1,'Peso Benchmark'!B226:O226) -> 49565.334
A227: 46237 | B227: =SUMPRODUCT($D$1:$P$1,'Peso ETFPESOV'!C227:O227) -> 49394.364 | C227: =SUMPRODUCT($Q$1:$AD$1,'Peso Benchmark'!B227:O227) -> 49569.941
A228: 46238 | B228: =SUMPRODUCT($D$1:$P$1,'Peso ETFPESOV'!C228:O228) -> 49390.415 | C228: =SUMPRODUCT($Q$1:$AD$1,'Peso Benchmark'!B228:O228) -> 49564.257
A229: 46239 | B229: =SUMPRODUCT($D$1:$P$1,'Peso ETFPESOV'!C229:O229) -> 49396.191 | C229: =SUMPRODUCT($Q$1:$AD$1,'Peso Benchmark'!B229:O229) -> 49560.546
A230: 46241 | B230: =SUMPRODUCT($D$1:$P$1,'Peso ETFPESOV'!C230:O230) -> 49396.666 | C230: =SUMPRODUCT($Q$1:$AD$1,'Peso Benchmark'!B230:O230) -> 49571.037
A231: 46244 | B231: =SUMPRODUCT($D$1:$P$1,'Peso ETFPESOV'!C231:O231) -> 49392.461 | C231: =SUMPRODUCT($Q$1:$AD$1,'Peso Benchmark'!B231:O231) -> 49571.512
A232: 46245 | B232: =SUMPRODUCT($D$1:$P$1,'Peso ETFPESOV'!C232:O232) -> 49397.268 | C232: =SUMPRODUCT($Q$1:$AD$1,'Peso Benchmark'!B232:O232) -> 49562.701
A233: 46246 | B233: =SUMPRODUCT($D$1:$P$1,'Peso ETFPESOV'!C233:O233) -> 49401.509 | C233: =SUMPRODUCT($Q$1:$AD$1,'Peso Benchmark'!B233:O233) -> 49567.471
A234: 46247 | B234: =SUMPRODUCT($D$1:$P$1,'Peso ETFPESOV'!C234:O234) -> 49396.081 | C234: =SUMPRODUCT($Q$1:$AD$1,'Peso Benchmark'!B234:O234) -> 48049.501
A235: 46248 | B235: =SUMPRODUCT($D$1:$P$1,'Peso ETFPESOV'!C235:O235) -> 49401.746 | C235: =SUMPRODUCT($Q$1:$AD$1,'Peso Benchmark'!B235:O235) -> 48050.468
A236: 46251 | B236: =SUMPRODUCT($D$1:$P$1,'Peso ETFPESOV'!C236:O236) -> 49400.833 | C236: =SUMPRODUCT($Q$1:$AD$1,'Peso Benchmark'!B236:O236) -> 48050.249
... A265: 46290 | B265: =SUMPRODUCT($D$1:$P$1,'Peso ETFPESOV'!C265:O265) -> 49411.608 | C265: =SUMPRODUCT($Q$1:$AD$1,'Peso Benchmark'!B265:O265) -> 49570.425

Sheet Fondo
A1: Fecha | B1: Vencimiento ETFPESOV | C1: Duración ETFPESOV | D1: YTM ETFPESOV | E1: Vencimiento Benchmark | F1: Duración Benchmark | G1: YTM Benchmark
A2: 45747 | C2: 6.2424744 | D2: 0 | F2: 6.3559393 | G2: 0
A3: 45748 | C3: 6.3215946 | D3: 6.1968794 | F3: 6.3537859 | G3: 6.2675912
A4: 45749 | C4: 6.3291124 | D4: 6.1590664 | F4: 6.3584614 | G4: 6.2254555
A5: 45750 | C5: 6.3506463 | D5: 6.0210397 | F5: 6.3722555 | G5: 6.1429202
A6: 45751 | C6: 6.3651094 | D6: 5.9779762 | F6: 6.3893827 | G6: 6.0433727
A7: 45754 | C7: 6.3424594 | D7: 6.0545025 | F7: 6.3806175 | G7: 6.1007506
A8: 45755 | C8: 6.31893 | D8: 6.0906621 | F8: 6.3558088 | G8: 6.1726206
A9: 45756 | C9: 6.3489262 | D9: 6.159169 | F9: 6.3320484 | G9: 6.2247819
A10: 45757 | C10: 6.3705825 | D10: 6.1407947 | F10: 6.3446621 | G10: 6.1136391
A11: 45758 | C11: 6.3453593 | D11: 6.163953 | F11: 6.3293367 | G11: 6.203075
A12: 45761 | C12: 6.3600111 | D12: 6.1263807 | F12: 6.3345255 | G12: 6.1438493
A13: 45762 | C13: 6.3564285 | D13: 6.138824 | F13: 6.3395955 | G13: 6.1471168
... A110: 45905 | C110: 6.6177139 | D110: 5.5715632 | F110: 6.6 | G110: 5.64
A111: 45908 | B111: 49232.874 | C111: 6.625096 | D111: 5.5647186 | E111: 49334.952 | F111: 6.61 | G111: 5.6
A112: 45909 | B112: 49245.963 | C112: 6.6297496 | D112: 5.5928565 | E112: 49331.459 | F112: 6.61 | G112: 5.57
A113: 45910 | B113: 49239.635 | C113: 6.6333745 | D113: 5.5450902 | E113: 49330.158 | F113: 6.62 | G113: 5.55
A114: 45911 | B114: 49225.578 | C114: 6.6281233 | D114: 5.5148809 | E114: 49330.688 | F114: 6.61 | G114: 5.56
A115: 45912 | B115: 49223.989 | C115: 6.6255864 | D115: 5.5194237 | E115: 49446.865 | F115: 6.61 | G115: 5.52
A116: 45915 | B116: 49216.429 | C116: 6.6032467 | D116: 5.613955 | E116: 49456.684 | F116: 6.61 | G116: 5.56
A117: 45916 | C117: 6.5982575 | D117: 5.6617543 | F117: 6.61 | G117: 5.56
A118: 45917 | B118: 49226.355 | C118: 6.5865569 | D118: 5.6190829 | E118: 49335.933 | F118: 6.59 | G118: 5.62
A119: 45918 | B119: 49225.478 | C119: 6.5822147 | D119: 5.621926 | E119: 49329.286 | F119: 6.57 | G119: 5.62
A120: 45919 | B120: 49212.608 | C120: 6.5782654 | D120: 5.6088825 | E120: 49323.529 | F120: 6.57 | G120: 5.6
A121: 45922 | B121: 49232.513 | C121: 6.5793178 | D121: 5.6069092 | E121: 49334.166 | F121: 6.57 | G121: 5.6
A122: 45923 | B122: 49227.687 | C122: 6.5787028 | D122: 5.5946297 | E122: 49324.35 | F122: 6.57 | G122: 5.59
A123: 45924 | B123: 49228.016 | C123: 6.57521 | D123: 5.6206307 | E123: 49335.499 | F123: 6.56 | G123: 5.6
A124: 45925 | B124: 49227.285 | C124: 6.5712949 | D124: 5.6434889 | E124: 49330.582 | F124: 6.56 | G124: 5.61
A125: 45926 | B125: 49224.213 | C125: 6.5644836 | D125: 5.6263545 | E125: 49321.023 | F125: 6.55 | G125: 5.61
A126: 45929 | B126: 49230.134 | C126: 6.5655698 | D126: 5.6028985 | E126: 49326.104 | F126: 6.55 | G126: 5.61
A127: 45930 | B127: 49227.902 | C127: 6.5667042 | D127: 5.594949 | E127: 49321.296 | F127: 6.55 | G127: 5.59
A128: 45931 | B128: 49233.859 | C128: 6.5695834 | D128: 5.5735173 | E128: 49332.846 | F128: 6.55 | G128: 5.58
A129: 45932 | B129: 49233.476 | C129: 6.5711656 | D129: 5.5945829 | E129: 49334.563 | F129: 6.56 | G129: 5.57
A130: 45933 | B130: 49233.476 | C130: 6.5619936 | D130: 5.6197785 | E130: 49337.503 | F130: 6.55 | G130: 5.58
A131: 45936 | C131: 6.556523 | D131: 5.6446521 | E131: 49343.096 | F131: 6.55 | G131: 5.6
A132: 45937 | B132: 49219.844 | C132: 6.5464711 | D132: 5.6437958 | E132: 49333.189 | F132: 6.55 | G132: 5.6
A133: 45938
A134: 45939 | B134: 48992.031 | C134: 6.5372087 | D134: 5.6863024 | E134: 49333.117 | F134: 6.53 | G134: 5.63
A135: 45940 | B135: 49226.428 | C135: 6.5228256 | D135: 5.7112006 | E135: 49332.039 | F135: 6.52 | G135: 5.65
A136: 45943 | B136: 49236.882 | C136: 6.5223755 | D136: 5.7116842 | E136: 49250.503 | F136: 6.52 | G136: 5.65
A137: 45944 | B137: 49238.636 | C137: 6.5144034 | D137: 5.6982977 | E137: 49335.952 | F137: 6.51 | G137: 5.69
A138: 45945 | B138: 49224.652 | C138: 6.5119434 | D138: 5.6626223 | E138: 49332.208 | F138: 6.5 | G138: 5.68
A139: 45946 | B139: 49233.755 | C139: 6.5120616 | D139: 5.6545736 | E139: 49337.38 | F139: 6.5 | G139: 5.66
A140: 45947 | B140: 49233.938 | C140: 6.5053187 | D140: 5.641853 | E140: 49327.675 | F140: 6.49 | G140: 5.65
A141: 45950 | B141: 49234.96 | C141: 6.5075546 | D141: 5.6204904 | E141: 49332.518 | F141: 6.5 | G141: 5.63
A142: 45951 | B142: 49242.16 | C142: 6.5070919 | D142: 5.6047027 | E142: 49332.518 | F142: 6.5 | G142: 5.61
A143: 45952 | B143: 49230.518 | C143: 6.5044679 | D143: 5.6314924 | E143: 49338.914 | F143: 6.49 | G143: 5.62
A144: 45953 | B144: 49240.626 | C144: 6.5041219 | D144: 5.6286835 | E144: 49338.987 | F144: 6.49 | G144: 5.62
A145: 45954 | B145: 49236.092 | C145: 6.4968455 | D145: 5.6141944 | E145: 49334.655 | F145: 6.49 | G145: 5.62
... A243: 46098 | B243: 49253.509 | C243: 6.6718188 | D243: 5.7666375 | E243: 49566.247 | F243: 6.74 | G243: 5.81
A244: 46099 | C244: 6.6589878 | D244: 5.8175784 | F244: 6.73 | G244: 5.84
A245: 46100 | C245: 6.651354 | D245: 5.8408287 | F245: 6.73 | G245: 5.86
A246: 46101 | C246: 6.6353925 | D246: 5.8678209 | F246: 6.71 | G246: 5.91
A247: 46104 | C247: 6.6353925 | D247: 5.8487872 | F247: 6.7 | G247: 5.89
A248: 46105 | C248: 6.6341995 | D248: 5.8535958 | F248: 6.7 | G248: 5.9
A249: 46106 | C249: 6.6341995 | D249: 5.8673391 | F249: 6.69 | G249: 5.91
A250: 46107 | C250: 6.6225075 | D250: 5.9010217 | F250: 6.69 | G250: 5.95
A251: 46108 | C251: 6.6333632 | D251: 5.9855702 | F251: 6.67 | G251: 6.03
A252: 46111 | C252: 6.5911048 | D252: 6.0211021 | F252: 6.66 | G252: 6.07
A253: 46112 | C253: 6.5824422 | D253: 6.0376748 | F253: 6.65 | G253: 6.09
A254: 46113 | C254: 6.5689932 | D254: 6.0670315 | F254: 6.64 | G254: 6.12
A255: 46118 | C255: 6.5635727 | D255: 6.0591216 | F255: 6.64 | G255: 6.11
A256: 46119 | C256: 6.5634481 | D256: 6.1035569 | F256: 6.63 | G256: 6.15
A257: 46120 | B257: 49243.771 | C257: 6.5656011 | D257: 6.1041706 | E257: 49574.456 | F257: 6.63 | G257: 6.11
A258: 46121 | B258: 49249.837 | C258: 6.5765489 | D258: 5.9930413 | E258: 49573.981 | F258: 6.64 | G258: 6.04
A259: 46122 | B259: 49250.659 | C259: 6.5775904 | D259: 5.9329252 | E259: 49570.249 | F259: 6.65 | G259: 5.98
A260: 46125 | B260: 49265.57 | C260: 6.5850449 | D260: 5.8608836 | E260: 49575.495 | F260: 6.66 | G260: 5.9
A261: 46126 | B261: 49248.446 | C261: 6.5802676 | D261: 5.9126397 | E261: 49585.872 | F261: 6.65 | G261: 5.96
A262: 46127 | B262: 49246.583 | C262: 6.5700488 | D262: 5.9358506 | E262: 49569.168 | F262: 6.64 | G262: 5.99
A263: 46128 | B263: 49253.125 | C263: 6.5744736 | D263: 5.9133125 | E263: 49571.912 | F263: 6.64 | G263: 5.96
A264: 46129 | B264: 49259.613 | C264: 6.5781273 | D264: 5.8585205 | E264: 49568.621 | F264: 6.64 | G264: 5.9
A265: 46132 | B265: 49255.425 | C265: 6.5857614 | D265: 5.8004176 | E265: 49569.588 | F265: 6.65 | G265: 5.84
A266: 46133 | B266: 49259.976 | C266: 6.5848543 | D266: 5.7847967 | E266: 49575.161 | F266: 6.65 | G266: 5.83
A267: 46134 | B267: 49265.314 | C267: 6.577686 | D267: 5.8318697 | E267: 49570.189 | F267: 6.65 | G267: 5.88
A268: 46135 | B268: 49252.773 | C268: 6.5757193 | D268: 5.8471163 | E268: 49575.472 | F268: 6.64 | G268: 5.89
... A332: 46230 | B332: 49384.804 | C332: 6.3433575 | D332: 5.5373311 | E332: 49569.758 | F332: 6.39 | G332: 5.57
A333: 46232
A334: 46233 | B334: 49390.104 | C334: 6.3391752 | D334: 5.5262598 | E334: 49564.877 | F334: 6.39 | G334: 5.56
A335: 46234 | B335: 49389.685 | C335: 6.325209 | D335: 5.552895 | E335: 49565.334 | F335: 6.37 | G335: 5.59
A336: 46237 | B336: 49394.364 | C336: 6.3224158 | D336: 5.5501993 | E336: 49569.941 | F336: 6.37 | G336: 5.59
A337: 46238 | B337: 49390.415 | C337: 6.3181906 | D337: 5.5727425 | E337: 49564.257 | F337: 6.36 | G337: 5.61
A338: 46239 | B338: 49396.191 | C338: 6.3117872 | D338: 5.6199487 | E338: 49560.546 | F338: 6.36 | G338: 5.65
A339: 46241 | B339: 49396.666 | C339: 6.3016534 | D339: 5.6285619 | E339: 49571.037 | F339: 6.35 | G339: 5.66
A340: 46244 | B340: 49392.461 | C340: 6.3009366 | D340: 5.6369994 | E340: 49571.512 | F340: 6.35 | G340: 5.67
A341: 46245 | B341: 49397.268 | C341: 6.2997751 | D341: 5.6377047 | E341: 49562.701 | F341: 6.35 | G341: 5.67
A342: 46246 | B342: 49401.509 | C342: 6.4989253 | D342: 5.6326149 | E342: 49567.471 | F342: 6.55 | G342: 5.67
A343: 46247 | B343: 49396.081 | C343: 6.4966109 | D343: 5.626346 | E343: 48049.501 | F343: 6.55 | G343: 5.66
A344: 46248 | B344: 49401.746 | C344: 6.4959351 | D344: 5.6188048 | E344: 48050.468 | F344: 6.54 | G344: 5.65
A345: 46251 | B345: 49400.833 | C345: 6.4853229 | D345: 5.6289668 | E345: 48050.249 | F345: 6.53 | G345: 5.66
... A374: 46290 | B374: 49411.608 | C374: 6.3352801 | D374: 6.146136 | E374: 49570.425 | F374: 6.38 | G374: 6.18
